SalesKey,SalesID,DateKey,CustomerKey,CountryKey,AreaKey,IndustryKey,SalespersonKey,SalesAmountLC,AdjustedProfitLC,ItemProfitLC,ResourceProfitLC,DiscountAmountLC,ActualDeliveryDays,ExpectedDeliveryDays
1,SO-000001,20260517,11,14,4,4,14,78569.63,30818.87,19664.97,11153.9,761.58,12,9
2,SO-000002,20260404,84,7,2,5,11,46968.95,17318.52,12723.45,4595.07,4622.52,2,4
3,SO-000003,20250110,76,8,2,1,9,80158.95,14651.51,9352.32,5299.19,4298.81,9,5
4,SO-000004,20270828,57,14,4,10,18,46531.49,19187.06,11801.52,7385.54,3759.85,2,4
5,SO-000005,20260921,14,6,2,7,16,83684.74,36879.77,28960.7,7919.07,7102.29,9,5
6,SO-000006,20260720,16,5,1,4,10,21767.86,5884.12,3599.48,2284.64,824.94,11,9
7,SO-000007,20250123,65,14,4,3,10,42589.24,18619.82,14878.81,3741.01,2366.98,10,10
8,SO-000008,20240412,60,15,5,9,19,22161.24,3713.0,2774.16,938.84,135.09,6,8
9,SO-000009,20240520,63,9,3,6,20,47940.46,20413.82,14416.75,5997.07,272.68,4,4
10,SO-000010,20270622,33,6,2,6,3,7262.11,2966.9,2019.73,947.17,683.8,4,6
11,SO-000011,20250503,82,6,2,5,9,42212.88,13723.48,9668.97,4054.51,3945.66,9,6
12,SO-000012,20260727,24,3,1,9,20,39880.69,14018.34,9252.1,4766.24,1260.94,2,4
13,SO-000013,20251215,22,15,5,9,3,99846.22,44813.87,27544.94,17268.93,2128.27,7,7
14,SO-000014,20270929,35,9,3,2,18,87987.39,22952.23,14495.47,8456.76,7335.9,5,7
15,SO-000015,20270207,1,4,1,1,5,30288.19,10571.08,8327.75,2243.33,406.74,3,4
16,SO-000016,20250529,36,6,2,9,2,27598.65,9147.54,6801.4,2346.14,561.9,12,7
17,SO-000017,20241126,82,6,2,5,15,9683.7,2683.09,1758.33,924.76,3.43,7,5
18,SO-000018,20260126,60,15,5,9,19,55392.2,15415.99,9279.41,6136.58,416.79,3,5
19,SO-000019,20250306,20,12,3,10,8,55476.25,15474.32,9414.05,6060.27,2022.95,6,3
20,SO-000020,20241128,83,14,4,4,6,66859.87,17123.05,12191.21,4931.84,5848.32,6,5
21,SO-000021,20250630,7,1,1,2,6,88200.91,13885.99,10377.18,3508.81,2929.91,10,9
22,SO-000022,20260731,28,2,1,4,12,78843.76,14383.36,11138.95,3244.41,6769.47,7,6
23,SO-000023,20251103,37,8,2,3,9,30866.49,11994.83,7742.89,4251.94,73.04,10,6
24,SO-000024,20240226,12,15,5,10,4,86503.12,38067.15,24965.39,13101.76,5549.02,12,9
25,SO-000025,20270506,53,8,2,3,14,87765.32,20042.49,14352.79,5689.7,8632.16,2,3
26,SO-000026,20270326,45,11,3,4,7,34895.87,13467.31,9255.8,4211.51,3434.58,8,4
27,SO-000027,20260602,89,3,1,6,3,25844.89,9372.28,5626.54,3745.74,2392.14,9,6
28,SO-000028,20261104,14,6,2,7,10,94913.01,40454.89,29314.87,11140.02,6296.41,6,4
29,SO-000029,20270923,16,5,1,4,13,66855.84,16570.55,12252.96,4317.59,3706.57,10,6
30,SO-000030,20250810,30,8,2,2,7,67893.14,28572.26,20660.69,7911.57,2043.24,5,3
31,SO-000031,20261112,34,12,3,4,16,43273.87,14020.54,10248.19,3772.35,2012.18,11,10
32,SO-000032,20240710,36,6,2,9,8,79476.67,34806.78,26007.36,8799.42,5236.33,10,7
33,SO-000033,20270605,89,3,1,6,3,67443.17,14661.62,9380.89,5280.73,164.73,11,6
34,SO-000034,20260329,88,8,2,4,8,45813.91,19051.31,13624.24,5427.07,3291.02,14,9
35,SO-000035,20250324,67,9,3,9,6,15183.35,5409.63,4211.57,1198.06,1306.44,8,4
36,SO-000036,20240930,54,16,5,2,15,80508.93,28884.47,20014.34,8870.13,4487.61,9,4
37,SO-000037,20270127,12,15,5,10,15,66923.98,29872.71,21481.18,8391.53,6358.04,14,10
38,SO-000038,20261203,38,15,5,7,16,89772.21,33493.71,23275.95,10217.76,2326.82,8,6
39,SO-000039,20251016,74,1,1,2,18,62861.47,14607.7,8990.99,5616.71,1796.13,10,7
40,SO-000040,20260429,90,1,1,10,14,8517.48,1663.03,1125.22,537.81,130.15,5,6
41,SO-000041,20270325,15,11,3,5,13,33422.7,9685.14,5931.69,3753.45,2783.75,7,9
42,SO-000042,20260926,62,1,1,2,8,47959.48,20757.94,13694.48,7063.46,1870.36,10,9
43,SO-000043,20260815,4,4,1,9,5,27657.06,8177.99,5542.81,2635.18,1849.91,9,9
44,SO-000044,20270809,70,7,2,3,14,98081.84,30428.62,23776.49,6652.13,5805.39,2,3
45,SO-000045,20251031,82,6,2,5,11,14002.1,4039.74,2464.47,1575.27,530.83,11,6
46,SO-000046,20260821,93,3,1,1,1,76242.36,20108.0,15089.08,5018.92,6342.79,6,7
47,SO-000047,20240304,46,16,5,7,8,75027.91,12426.55,9821.75,2604.8,1682.29,2,4
48,SO-000048,20260810,67,9,3,9,9,20336.39,3174.8,2001.64,1173.16,256.69,5,4
49,SO-000049,20250929,28,2,1,4,4,76806.36,15387.14,11101.04,4286.1,5744.54,4,4
50,SO-000050,20250210,4,4,1,9,3,58079.13,24896.56,17805.01,7091.55,5273.74,13,9
51,SO-000051,20270305,66,15,5,1,2,59413.74,23716.27,15381.66,8334.61,4142.28,6,7
52,SO-000052,20260510,94,8,2,2,16,35046.77,9761.0,6580.03,3180.97,1773.23,6,8
53,SO-000053,20241226,28,2,1,4,17,11001.12,4821.09,3505.5,1315.59,911.67,9,5
54,SO-000054,20260611,62,1,1,2,19,96564.64,22308.82,16991.29,5317.53,5196.85,15,10
55,SO-000055,20260809,20,12,3,10,19,27205.36,11032.15,8452.24,2579.91,235.77,11,10
56,SO-000056,20250310,21,9,3,1,12,61228.0,16145.63,9780.05,6365.58,5210.21,10,5
57,SO-000057,20261124,89,3,1,6,7,79884.32,20138.97,15629.13,4509.84,5601.36,5,7
58,SO-000058,20260706,49,8,2,9,1,9018.49,3300.97,2303.14,997.83,683.75,15,10
59,SO-000059,20270207,86,15,5,9,17,9758.81,2112.58,1559.84,552.74,298.82,13,8
60,SO-000060,20250919,64,4,1,5,9,34703.86,15581.67,11064.2,4517.47,1220.92,12,10
61,SO-000061,20250319,86,15,5,9,16,23438.54,8587.54,5694.48,2893.06,1741.2,6,5
62,SO-000062,20250829,16,5,1,4,8,28011.71,9156.36,6885.96,2270.4,1671.71,5,4
63,SO-000063,20270207,8,7,2,4,10,36407.67,8762.61,6498.38,2264.23,460.86,1,3
64,SO-000064,20260819,84,7,2,5,16,69893.03,13131.77,10159.95,2971.82,3430.9,5,3
65,SO-000065,20240513,78,3,1,2,13,44326.65,9100.66,5553.91,3546.75,4171.42,9,10
66,SO-000066,20250523,2,9,3,4,4,49428.78,15970.75,11775.08,4195.67,749.97,6,7
67,SO-000067,20260625,99,5,1,10,10,56028.27,15399.49,11075.7,4323.79,3464.89,14,9
68,SO-000068,20270705,64,4,1,5,7,86086.58,38481.51,25439.2,13042.31,5346.21,5,4
69,SO-000069,20260416,85,13,4,6,15,26832.29,4678.38,3031.46,1646.92,1481.12,3,5
70,SO-000070,20240525,65,14,4,3,8,69092.43,20104.08,12193.69,7910.39,1990.59,12,7
71,SO-000071,20240823,64,4,1,5,18,92429.15,35709.85,25890.06,9819.79,6111.26,10,6
72,SO-000072,20250921,84,7,2,5,20,22868.54,4452.43,2908.0,1544.43,325.27,3,3
73,SO-000073,20250711,6,14,4,1,17,75021.29,24063.99,15827.42,8236.57,932.92,11,7
74,SO-000074,20240222,13,9,3,1,3,54228.17,15255.88,10978.24,4277.64,4823.18,10,8
75,SO-000075,20270326,90,1,1,10,2,23277.98,8200.59,6331.7,1868.89,1366.7,5,3
76,SO-000076,20270413,77,8,2,10,14,76429.35,15481.32,10895.64,4585.68,3379.93,7,7
77,SO-000077,20271004,16,5,1,4,4,63661.08,18940.3,11709.81,7230.49,2215.16,11,8
78,SO-000078,20260720,37,8,2,3,3,85844.44,21370.21,15786.92,5583.29,2474.19,7,9
79,SO-000079,20260426,48,9,3,3,2,31794.46,7852.66,6235.3,1617.36,1285.05,8,3
80,SO-000080,20250630,33,6,2,6,18,19164.46,4954.66,3722.38,1232.28,1198.56,4,3
81,SO-000081,20271224,54,16,5,2,6,13535.82,3199.99,2483.73,716.26,656.1,4,3
82,SO-000082,20240828,36,6,2,9,5,31419.64,4841.84,3300.19,1541.65,706.0,9,4
83,SO-000083,20250514,90,1,1,10,15,50088.36,18281.3,12829.35,5451.95,1369.54,15,10
84,SO-000084,20250719,96,3,1,9,14,55350.88,14672.18,11508.47,3163.71,2813.16,4,5
85,SO-000085,20241031,12,15,5,10,15,34317.59,13257.41,8662.85,4594.56,8.8,12,7
86,SO-000086,20250121,98,16,5,4,8,54088.77,13713.51,9741.85,3971.66,2939.35,13,10
87,SO-000087,20260301,29,10,3,2,5,57393.87,12630.6,9537.48,3093.12,250.51,14,10
88,SO-000088,20240723,93,3,1,1,17,49785.2,8020.69,5618.16,2402.53,2938.23,9,4
89,SO-000089,20260819,82,6,2,5,9,91088.95,14082.74,8855.66,5227.08,7933.24,4,5
90,SO-000090,20270707,41,2,1,4,16,34186.84,12232.44,8929.28,3303.16,2911.92,12,9
91,SO-000091,20240704,76,8,2,1,14,87302.11,14035.54,8613.39,5422.15,5510.17,8,7
92,SO-000092,20240229,98,16,5,4,2,97844.6,36996.11,27405.91,9590.2,983.41,7,5
93,SO-000093,20270305,64,4,1,5,6,32775.28,5468.09,3672.88,1795.21,1411.59,10,6
94,SO-000094,20270409,30,8,2,2,5,17413.37,3024.54,2341.5,683.04,1079.12,11,6
95,SO-000095,20271019,63,9,3,6,18,23602.75,8057.3,5574.96,2482.34,1573.93,12,10
96,SO-000096,20260724,51,14,4,10,10,16218.57,4582.05,3065.91,1516.14,952.96,11,9
97,SO-000097,20271203,43,13,4,5,10,20322.09,5393.64,3757.43,1636.21,482.05,10,8
98,SO-000098,20250809,87,15,5,2,8,2682.99,1070.54,727.07,343.47,2.17,8,3
99,SO-000099,20270709,100,16,5,4,2,60902.97,15572.66,11326.36,4246.3,3781.41,4,5
100,SO-000100,20251031,68,6,2,9,14,31238.82,8817.06,6312.26,2504.8,2287.81,6,4
101,SO-000101,20250610,72,1,1,10,16,17976.19,3409.15,2413.27,995.88,1746.37,7,7
102,SO-000102,20241015,62,1,1,2,8,96754.72,23080.11,17865.84,5214.27,7781.33,9,10
103,SO-000103,20260319,36,6,2,9,1,86083.99,31615.64,25165.68,6449.96,8326.64,7,8
104,SO-000104,20270731,21,9,3,1,12,26813.63,5016.2,3379.5,1636.7,2008.37,11,7
105,SO-000105,20270819,18,3,1,7,3,11280.44,2483.35,1502.44,980.91,997.46,9,8
106,SO-000106,20240402,5,3,1,10,2,63722.69,18433.72,13644.92,4788.8,4137.13,4,4
107,SO-000107,20260718,65,14,4,3,12,30784.28,9167.17,5678.5,3488.67,2731.36,9,5
108,SO-000108,20270903,66,15,5,1,4,67213.38,25066.69,19782.5,5284.19,2817.09,9,5
109,SO-000109,20260627,45,11,3,4,15,83452.46,27931.18,22004.48,5926.7,2334.5,9,8
110,SO-000110,20260326,89,3,1,6,9,95080.24,38662.96,23966.04,14696.92,6519.46,6,8
111,SO-000111,20240413,63,9,3,6,11,19385.95,3618.35,2784.71,833.64,881.51,4,6
112,SO-000112,20250422,60,15,5,9,11,24735.11,4644.69,3311.27,1333.42,169.71,7,6
113,SO-000113,20270111,96,3,1,9,9,77549.67,29980.17,21561.63,8418.54,2150.26,5,5
114,SO-000114,20270420,20,12,3,10,11,79952.13,14629.47,11312.82,3316.65,1053.79,9,8
115,SO-000115,20260902,38,15,5,7,15,2070.22,475.34,297.25,178.09,87.15,3,4
116,SO-000116,20260727,5,3,1,10,1,77912.7,23683.23,14726.49,8956.74,3925.54,5,3
117,SO-000117,20240530,68,6,2,9,3,6552.13,1924.33,1309.17,615.16,449.54,15,10
118,SO-000118,20270508,15,11,3,5,17,32550.13,6331.01,3958.39,2372.62,2032.16,12,8
119,SO-000119,20260530,15,11,3,5,15,29842.33,9002.4,6176.01,2826.39,2366.78,5,4
120,SO-000120,20260524,10,7,2,9,11,88865.06,24361.83,18648.59,5713.24,3543.32,7,4
121,SO-000121,20240623,21,9,3,1,3,66678.23,17489.05,11027.33,6461.72,6154.3,3,4
122,SO-000122,20271004,77,8,2,10,4,43471.71,16231.32,10948.5,5282.82,565.63,6,3
123,SO-000123,20270514,52,13,4,6,10,41375.46,17050.09,13439.32,3610.77,1749.92,5,3
124,SO-000124,20251218,92,8,2,1,18,35488.8,11476.21,7374.01,4102.2,2330.68,5,6
125,SO-000125,20240229,46,16,5,7,6,37072.32,14042.32,10037.73,4004.59,2992.56,5,3
126,SO-000126,20270305,26,12,3,10,13,27690.4,10486.99,8225.02,2261.97,972.0,5,5
127,SO-000127,20260509,19,4,1,6,15,7423.75,2763.79,2195.45,568.34,68.12,10,6
128,SO-000128,20241114,29,10,3,2,6,34419.15,8983.95,6686.93,2297.02,2673.8,2,4
129,SO-000129,20270528,43,13,4,5,15,75566.37,12463.07,7681.19,4781.88,3348.44,14,9
130,SO-000130,20271020,93,3,1,1,19,41711.28,8954.19,6290.04,2664.15,1439.76,6,4
131,SO-000131,20250222,60,15,5,9,10,48919.96,17128.82,10432.88,6695.94,1933.63,1,3
132,SO-000132,20261015,80,5,1,3,14,94559.75,35952.08,27065.88,8886.2,2737.0,2,4
133,SO-000133,20260324,29,10,3,2,2,17981.63,4748.27,3517.21,1231.06,899.55,7,8
134,SO-000134,20271224,96,3,1,9,14,43903.85,12641.07,7781.5,4859.57,1374.46,13,9
135,SO-000135,20240629,31,13,4,5,14,29306.76,7957.07,6311.87,1645.2,503.7,13,10
136,SO-000136,20251126,14,6,2,7,8,84526.19,18848.91,13529.26,5319.65,4428.86,11,9
137,SO-000137,20251220,72,1,1,10,5,33640.33,6742.86,4734.14,2008.72,383.59,9,6
138,SO-000138,20270710,54,16,5,2,16,24008.75,4656.1,2977.36,1678.74,1446.28,4,4
139,SO-000139,20241105,79,16,5,2,15,46663.33,14891.23,10660.54,4230.69,3178.4,11,8
140,SO-000140,20261105,42,2,1,6,3,7294.48,2061.88,1362.0,699.88,200.36,6,3
141,SO-000141,20270613,76,8,2,1,20,31385.58,8962.91,5479.73,3483.18,2610.33,3,4
142,SO-000142,20270316,100,16,5,4,7,50953.25,14715.99,10461.06,4254.93,4034.57,8,3
143,SO-000143,20240621,94,8,2,2,17,32491.91,9510.02,5992.95,3517.07,201.04,7,4
144,SO-000144,20260202,63,9,3,6,10,64789.65,10479.25,7770.62,2708.63,6420.56,8,5
145,SO-000145,20251106,82,6,2,5,4,39047.95,14929.57,10984.87,3944.7,204.48,7,8
146,SO-000146,20240615,46,16,5,7,19,56017.34,14898.89,9690.23,5208.66,4770.25,8,5
147,SO-000147,20270503,11,14,4,4,3,66529.4,28276.59,18720.41,9556.18,4364.69,9,9
148,SO-000148,20261107,97,8,2,5,12,31303.4,8232.91,6243.28,1989.63,2545.54,8,4
149,SO-000149,20250408,84,7,2,5,5,2313.94,561.5,443.72,117.78,79.07,11,10
150,SO-000150,20270619,56,5,1,3,5,15917.04,3800.0,2878.97,921.03,808.09,6,3
151,SO-000151,20240330,49,8,2,9,14,59926.02,11762.03,7482.64,4279.39,4151.95,10,5
152,SO-000152,20261229,58,3,1,7,8,36747.79,13445.12,10674.32,2770.8,2243.8,11,10
153,SO-000153,20260803,44,3,1,4,10,31292.06,12284.86,8523.27,3761.59,2613.24,13,8
154,SO-000154,20250527,73,11,3,8,2,77923.34,23444.95,16030.07,7414.88,1262.81,6,6
155,SO-000155,20240620,14,6,2,7,6,64297.31,26505.61,18843.05,7662.56,659.62,6,4
156,SO-000156,20251216,3,8,2,3,1,27642.73,11653.95,7335.81,4318.14,1209.29,11,6
157,SO-000157,20250404,45,11,3,4,1,41782.24,11236.76,7582.48,3654.28,1613.49,7,4
158,SO-000158,20240319,40,8,2,6,10,32209.15,5788.79,4300.73,1488.06,1079.94,5,5
159,SO-000159,20270614,56,5,1,3,1,91780.92,26775.84,20516.24,6259.6,6964.71,15,10
160,SO-000160,20250813,76,8,2,1,8,90632.82,14111.64,9075.63,5036.01,1355.14,8,9
161,SO-000161,20240815,27,7,2,2,16,30464.54,5006.08,3423.98,1582.1,2418.58,9,10
162,SO-000162,20260529,84,7,2,5,1,59875.53,9276.55,6522.11,2754.44,1448.62,7,5
163,SO-000163,20240518,41,2,1,4,17,61673.55,13701.97,9362.74,4339.23,4097.41,7,4
164,SO-000164,20270725,15,11,3,5,13,54636.16,21085.39,14791.92,6293.47,111.1,8,10
165,SO-000165,20270907,100,16,5,4,4,98113.42,22182.96,13381.84,8801.12,7736.44,9,8
166,SO-000166,20271103,70,7,2,3,15,77264.39,28630.79,19082.53,9548.26,342.56,8,8
167,SO-000167,20250823,88,8,2,4,7,98091.51,28795.68,18327.17,10468.51,1322.79,8,10
168,SO-000168,20250602,97,8,2,5,2,4858.72,1019.56,620.28,399.28,453.5,14,9
169,SO-000169,20240911,79,16,5,2,12,75452.45,15643.63,10503.05,5140.58,5891.64,10,8
170,SO-000170,20261013,13,9,3,1,16,43976.66,11873.99,8168.68,3705.31,4206.27,8,8
171,SO-000171,20260531,16,5,1,4,20,37051.02,14419.79,9421.09,4998.7,306.08,8,9
172,SO-000172,20250919,20,12,3,10,15,99512.27,20314.13,13382.0,6932.13,1020.98,10,8
173,SO-000173,20270613,73,11,3,8,14,60460.85,16798.13,12396.23,4401.9,2125.48,6,3
174,SO-000174,20261116,29,10,3,2,6,27818.26,12351.54,9752.54,2599.0,208.75,12,9
175,SO-000175,20240517,19,4,1,6,8,95302.54,18377.55,13259.67,5117.88,7446.1,3,3
176,SO-000176,20260129,13,9,3,1,12,77962.28,20262.28,13708.87,6553.41,4422.37,10,5
177,SO-000177,20250526,18,3,1,7,4,44671.96,7731.18,4851.62,2879.56,1639.24,10,8
178,SO-000178,20250617,53,8,2,3,15,3078.38,633.57,445.75,187.82,281.22,6,4
179,SO-000179,20241004,75,12,3,5,3,21849.76,7288.27,5384.55,1903.72,2181.98,5,6
180,SO-000180,20271224,82,6,2,5,3,45478.25,19082.84,13148.5,5934.34,399.26,11,8
181,SO-000181,20261107,77,8,2,10,8,55224.72,13094.26,8642.1,4452.16,869.82,8,5
182,SO-000182,20270208,99,5,1,10,19,12575.56,2644.57,1660.2,984.37,993.94,6,3
183,SO-000183,20250925,36,6,2,9,13,37206.66,14551.47,10336.34,4215.13,2276.86,3,4
184,SO-000184,20251011,2,9,3,4,3,99959.71,36551.36,25773.79,10777.57,7688.55,4,4
185,SO-000185,20260605,76,8,2,1,17,45272.46,16027.93,10721.13,5306.8,3974.74,5,5
186,SO-000186,20251022,21,9,3,1,8,91115.87,15182.08,9486.25,5695.83,1394.21,5,5
187,SO-000187,20270724,31,13,4,5,18,34929.3,15098.93,11761.84,3337.09,2954.79,8,7
188,SO-000188,20241216,20,12,3,10,20,27807.88,9385.35,6784.53,2600.82,259.8,5,5
189,SO-000189,20240403,56,5,1,3,19,72202.96,23938.29,18396.72,5541.57,4069.49,2,3
190,SO-000190,20270708,66,15,5,1,18,26833.26,5721.99,4087.95,1634.04,1658.59,8,3
191,SO-000191,20260717,91,8,2,10,3,29322.33,12813.71,8925.89,3887.82,2359.53,11,9
192,SO-000192,20251002,74,1,1,2,11,69017.05,13625.63,9308.0,4317.63,3205.44,8,8
193,SO-000193,20251015,29,10,3,2,8,73552.88,30026.73,23873.5,6153.23,961.82,7,8
194,SO-000194,20270614,6,14,4,1,14,46914.02,10801.55,7016.51,3785.04,454.18,11,7
195,SO-000195,20241122,61,9,3,9,16,25202.89,10322.91,6523.46,3799.45,825.23,9,8
196,SO-000196,20261101,18,3,1,7,15,99598.96,28888.13,22411.85,6476.28,4953.76,8,4
197,SO-000197,20250808,80,5,1,3,18,96685.32,20743.19,13909.95,6833.24,488.65,15,10
198,SO-000198,20260119,29,10,3,2,2,1313.65,239.41,150.06,89.35,34.74,12,8
199,SO-000199,20261029,88,8,2,4,15,40357.87,12958.29,8279.45,4678.84,2232.69,8,4
200,SO-000200,20240717,5,3,1,10,13,76558.21,17908.21,14287.49,3620.72,5209.01,4,4
201,SO-000201,20270518,9,1,1,9,17,37633.23,16785.79,11944.2,4841.59,1375.89,6,5
202,SO-000202,20241101,46,16,5,7,20,40438.01,6554.05,3983.44,2570.61,2885.62,15,10
203,SO-000203,20270430,17,11,3,2,11,89366.6,17152.52,13486.58,3665.94,2846.59,11,9
204,SO-000204,20260124,66,15,5,1,11,50977.84,15441.91,10777.98,4663.93,2869.67,8,10
205,SO-000205,20250627,27,7,2,2,19,67543.74,29987.35,21493.15,8494.2,5381.58,8,3
206,SO-000206,20271026,30,8,2,2,8,57974.62,21243.06,15225.0,6018.06,988.54,9,9
207,SO-000207,20241106,47,15,5,3,14,3641.27,1581.99,983.96,598.03,6.9,12,8
208,SO-000208,20261128,93,3,1,1,7,69204.78,18900.74,14269.95,4630.79,6370.44,3,3
209,SO-000209,20261227,97,8,2,5,11,56308.23,25306.99,17605.42,7701.57,2121.83,10,5
210,SO-000210,20250128,84,7,2,5,8,54854.19,19350.4,14968.13,4382.27,3734.18,12,7
211,SO-000211,20271114,60,15,5,9,16,28261.14,6769.95,5336.73,1433.22,2775.98,8,7
212,SO-000212,20240906,84,7,2,5,19,32045.55,8160.11,6419.89,1740.22,2548.92,9,7
213,SO-000213,20240327,77,8,2,10,10,67823.91,17899.29,14248.41,3650.88,5550.56,7,5
214,SO-000214,20250217,14,6,2,7,18,95553.71,16598.52,13026.55,3571.97,6268.06,11,10
215,SO-000215,20240413,28,2,1,4,17,27477.71,8754.55,5728.31,3026.24,300.13,7,6
216,SO-000216,20271027,43,13,4,5,5,22954.33,5046.53,3129.05,1917.48,758.17,9,10
217,SO-000217,20270825,25,10,3,10,7,1015.55,320.01,251.47,68.54,41.32,15,10
218,SO-000218,20261231,53,8,2,3,2,75713.15,17881.44,11749.59,6131.85,447.94,5,4
219,SO-000219,20261011,84,7,2,5,6,91366.36,18503.46,14366.99,4136.47,1606.12,7,3
220,SO-000220,20270309,31,13,4,5,20,93692.57,41097.25,32269.89,8827.36,8214.43,5,3
221,SO-000221,20261029,64,4,1,5,15,11176.42,4972.37,3266.41,1705.96,1105.46,10,10
222,SO-000222,20240129,20,12,3,10,11,27647.29,10855.55,7231.28,3624.27,2021.35,7,7
223,SO-000223,20261121,98,16,5,4,11,79181.38,25364.52,19060.33,6304.19,1389.59,13,9
224,SO-000224,20240114,81,16,5,9,9,9130.41,3202.74,2040.01,1162.73,128.38,9,8
225,SO-000225,20270831,39,9,3,9,12,38665.65,10981.84,7175.52,3806.32,1274.52,5,3
226,SO-000226,20271114,24,3,1,9,4,69430.47,11708.57,7301.99,4406.58,2130.17,11,9
227,SO-000227,20241109,71,12,3,3,15,64051.78,27682.58,18644.46,9038.12,1414.58,10,5
228,SO-000228,20250521,57,14,4,10,20,74899.62,24845.83,16973.9,7871.93,4113.75,11,10
229,SO-000229,20240506,42,2,1,6,18,87376.94,15252.61,10514.38,4738.23,6149.29,3,4
230,SO-000230,20271025,46,16,5,7,7,90337.37,19029.3,13460.03,5569.27,1486.39,9,10
231,SO-000231,20240927,43,13,4,5,17,71833.34,21309.24,16616.47,4692.77,3200.05,8,3
232,SO-000232,20260321,80,5,1,3,9,41834.75,13352.54,9503.8,3848.74,2814.51,5,7
233,SO-000233,20270113,83,14,4,4,2,81737.1,30548.53,21862.43,8686.1,370.19,7,8
234,SO-000234,20241004,57,14,4,10,14,93490.99,15959.45,12556.18,3403.27,296.69,9,9
235,SO-000235,20240613,59,13,4,10,18,37758.86,15760.55,10870.17,4890.38,3462.92,13,9
236,SO-000236,20250401,17,11,3,2,1,13732.49,5604.04,3495.39,2108.65,1363.43,9,9
237,SO-000237,20250415,54,16,5,2,8,75739.85,33594.2,23267.37,10326.83,5446.41,13,9
238,SO-000238,20270914,10,7,2,9,14,46332.22,9105.97,5806.84,3299.13,4055.03,2,4
239,SO-000239,20270501,69,4,1,5,2,61684.86,26578.24,20672.77,5905.47,1484.55,3,4
240,SO-000240,20260617,53,8,2,3,8,44920.89,15794.5,12231.93,3562.57,1099.37,7,3
241,SO-000241,20270325,89,3,1,6,11,54206.1,20398.61,15405.29,4993.32,759.62,8,7
242,SO-000242,20260426,81,16,5,9,10,57958.74,22126.41,16897.42,5228.99,1373.07,6,5
243,SO-000243,20270212,58,3,1,7,16,27877.82,8837.7,6348.42,2489.28,2049.61,9,5
244,SO-000244,20260416,60,15,5,9,5,5164.97,1308.41,953.39,355.02,196.87,12,8
245,SO-000245,20271220,59,13,4,10,5,30338.91,6224.44,4404.32,1820.12,731.07,8,6
246,SO-000246,20250512,25,10,3,10,9,80674.73,34240.16,24395.33,9844.83,7807.59,9,5
247,SO-000247,20240415,47,15,5,3,9,20732.0,7132.05,5594.7,1537.35,1756.28,5,4
248,SO-000248,20250303,4,4,1,9,11,38028.21,12606.0,7663.31,4942.69,276.79,11,6
249,SO-000249,20250511,7,1,1,2,20,30667.21,12962.98,8326.92,4636.06,582.75,9,4
250,SO-000250,20260812,69,4,1,5,18,70524.97,18970.48,12290.33,6680.15,2268.19,11,7
251,SO-000251,20260819,98,16,5,4,11,65047.77,15775.82,10600.23,5175.59,5742.49,9,10
252,SO-000252,20240203,16,5,1,4,9,91475.88,23894.55,16314.87,7579.68,5145.74,6,6
253,SO-000253,20250416,9,1,1,9,13,55554.5,18066.86,13441.79,4625.07,1639.93,9,6
254,SO-000254,20260927,62,1,1,2,16,57194.06,12795.4,9086.38,3709.02,5396.06,10,8
255,SO-000255,20270115,46,16,5,7,2,46352.49,17142.62,11493.02,5649.6,648.74,10,10
256,SO-000256,20260424,7,1,1,2,5,52632.47,21143.54,13000.45,8143.09,4305.31,1,3
257,SO-000257,20240503,64,4,1,5,20,84333.2,18505.24,13720.41,4784.83,77.09,13,10
258,SO-000258,20261225,32,15,5,6,18,63953.99,27511.16,21528.87,5982.29,4216.39,1,3
259,SO-000259,20261025,14,6,2,7,14,41428.18,6422.11,4780.87,1641.24,2219.47,5,7
260,SO-000260,20250128,35,9,3,2,20,80713.69,34136.4,21212.47,12923.93,777.38,6,5
261,SO-000261,20260729,38,15,5,7,19,52882.37,20865.5,13634.87,7230.63,2098.88,12,8
262,SO-000262,20240710,90,1,1,10,13,24699.19,8871.23,5854.97,3016.26,2045.25,2,4
263,SO-000263,20261020,52,13,4,6,14,38236.77,12075.57,7380.87,4694.7,36.13,4,5
264,SO-000264,20250308,92,8,2,1,19,64668.27,16127.05,12828.52,3298.53,6297.65,4,3
265,SO-000265,20251006,45,11,3,4,1,47812.28,7839.71,4820.4,3019.31,4425.43,3,3
266,SO-000266,20250904,10,7,2,9,6,96166.18,31360.83,23534.76,7826.07,6853.87,8,9
267,SO-000267,20241013,22,15,5,9,3,56613.84,18116.93,13948.02,4168.91,3832.95,12,8
268,SO-000268,20270524,5,3,1,10,20,50328.89,22260.32,13595.25,8665.07,2199.82,7,4
269,SO-000269,20261001,15,11,3,5,8,95508.41,25692.8,19390.64,6302.16,282.95,12,7
270,SO-000270,20270620,46,16,5,7,10,35903.21,15522.5,10654.17,4868.33,2440.32,8,9
271,SO-000271,20251010,100,16,5,4,12,79906.49,29080.57,17925.48,11155.09,1232.33,9,5
272,SO-000272,20240928,63,9,3,6,3,11101.82,1682.58,1113.28,569.3,399.57,6,7
273,SO-000273,20251225,14,6,2,7,18,19145.48,5449.82,3874.54,1575.28,781.22,2,3
274,SO-000274,20260305,11,14,4,4,3,9759.89,3215.04,2137.64,1077.4,375.99,11,7
275,SO-000275,20241213,80,5,1,3,5,72621.96,23083.69,18433.39,4650.3,1762.84,9,5
276,SO-000276,20250905,46,16,5,7,16,27257.44,6283.44,3953.46,2329.98,455.76,11,7
277,SO-000277,20260726,81,16,5,9,4,78375.33,20247.28,15971.95,4275.33,5650.07,11,10
278,SO-000278,20260620,21,9,3,1,11,13981.21,2125.57,1443.56,682.01,1176.68,12,9
279,SO-000279,20270520,27,7,2,2,7,43346.31,17211.11,12567.68,4643.43,2576.47,10,7
280,SO-000280,20251029,52,13,4,6,13,48161.47,9790.8,6654.3,3136.5,1537.01,11,10
281,SO-000281,20271028,40,8,2,6,18,28389.86,10951.67,7370.51,3581.16,2646.13,6,6
282,SO-000282,20260417,40,8,2,6,16,3178.15,1170.08,922.72,247.36,66.63,6,7
283,SO-000283,20240531,76,8,2,1,15,14348.32,3455.79,2248.12,1207.67,221.17,13,9
284,SO-000284,20260106,54,16,5,2,18,99074.71,29105.22,19796.24,9308.98,5019.25,7,9
285,SO-000285,20270818,26,12,3,10,20,59585.08,25283.16,15722.94,9560.22,1479.09,8,8
286,SO-000286,20240804,50,9,3,10,1,4907.52,2184.25,1606.5,577.75,196.11,12,8
287,SO-000287,20260205,51,14,4,10,13,10311.35,2233.44,1673.67,559.77,575.37,11,6
288,SO-000288,20240802,56,5,1,3,10,46574.79,16481.26,12164.61,4316.65,702.09,8,3
289,SO-000289,20250930,84,7,2,5,11,41889.56,18369.34,11448.03,6921.31,3940.45,8,5
290,SO-000290,20251015,97,8,2,5,3,45805.6,9713.54,6766.31,2947.23,2181.09,15,10
291,SO-000291,20250514,11,14,4,4,17,30376.28,11939.57,7438.56,4501.01,2579.49,4,4
292,SO-000292,20270713,9,1,1,9,6,17858.1,3536.63,2517.97,1018.66,1711.63,10,6
293,SO-000293,20270427,54,16,5,2,14,19045.5,6612.45,4490.62,2121.83,1404.39,11,6
294,SO-000294,20270104,60,15,5,9,6,39189.16,14163.77,9081.2,5082.57,2948.3,3,4
295,SO-000295,20270507,24,3,1,9,13,36896.41,7715.86,4805.37,2910.49,2474.65,13,10
296,SO-000296,20270612,65,14,4,3,19,61325.19,19998.23,13390.51,6607.72,5185.15,7,5
297,SO-000297,20271121,29,10,3,2,5,8932.82,1698.88,1059.37,639.51,272.79,8,5
298,SO-000298,20270725,22,15,5,9,18,51327.07,14139.16,8873.36,5265.8,1969.47,10,5
299,SO-000299,20241014,50,9,3,10,6,69496.58,23877.5,19101.52,4775.98,3856.45,12,10
300,SO-000300,20241006,62,1,1,2,7,31800.71,9072.75,5540.93,3531.82,1141.77,8,3
301,SO-000301,20271225,63,9,3,6,15,81613.99,35840.68,25127.46,10713.22,4039.65,14,10
302,SO-000302,20250716,56,5,1,3,8,49125.6,8587.21,5205.33,3381.88,3738.74,5,7
303,SO-000303,20270318,27,7,2,2,4,53992.06,10823.39,7483.99,3339.4,4009.01,9,10
304,SO-000304,20270123,30,8,2,2,7,27154.95,8497.65,6782.64,1715.01,1471.92,8,3
305,SO-000305,20260710,21,9,3,1,9,98982.68,17888.64,13702.95,4185.69,7437.02,5,7
306,SO-000306,20270419,41,2,1,4,12,35183.41,13898.1,9559.31,4338.79,3497.08,7,6
307,SO-000307,20240501,18,3,1,7,19,86174.35,28702.83,19679.62,9023.21,5309.64,7,6
308,SO-000308,20270318,2,9,3,4,9,35406.14,8296.56,5871.92,2424.64,1145.93,9,7
309,SO-000309,20240501,32,15,5,6,9,95263.54,28991.03,22613.9,6377.13,7765.7,9,5
310,SO-000310,20271016,96,3,1,9,13,86771.24,16318.76,12617.92,3700.84,2166.48,9,8
311,SO-000311,20270721,20,12,3,10,3,49201.14,15903.17,10396.59,5506.58,2038.03,9,10
312,SO-000312,20251101,15,11,3,5,19,40583.65,15216.46,11244.06,3972.4,3560.47,15,10
313,SO-000313,20240509,9,1,1,9,18,746.07,285.18,212.9,72.28,54.53,13,10
314,SO-000314,20251122,71,12,3,3,18,40072.73,17649.58,13501.39,4148.19,1982.46,10,8
315,SO-000315,20240722,69,4,1,5,15,58004.4,18552.28,12932.19,5620.09,1993.84,1,3
316,SO-000316,20271111,78,3,1,2,5,2119.99,909.12,574.2,334.92,96.78,10,9
317,SO-000317,20250527,32,15,5,6,3,88273.7,21235.09,16454.75,4780.34,7738.03,7,4
318,SO-000318,20260529,56,5,1,3,3,37498.45,15792.1,9998.06,5794.04,1486.22,8,7
319,SO-000319,20240120,85,13,4,6,1,70517.95,10600.67,7371.3,3229.37,935.77,11,6
320,SO-000320,20240525,5,3,1,10,8,69711.91,27545.46,21971.11,5574.35,2944.03,10,5
321,SO-000321,20260222,94,8,2,2,5,38615.46,14257.95,8846.85,5411.1,1210.02,7,7
322,SO-000322,20251220,99,5,1,10,7,64336.83,22719.98,13942.85,8777.13,3624.04,10,5
323,SO-000323,20240724,40,8,2,6,5,62993.96,12309.79,8399.49,3910.3,4324.95,5,6
324,SO-000324,20250522,59,13,4,10,9,75368.34,24635.81,16673.67,7962.14,7259.85,8,8
325,SO-000325,20270910,22,15,5,9,10,64639.75,14508.4,10448.95,4059.45,4661.69,5,7
326,SO-000326,20261010,7,1,1,2,13,20941.85,6954.33,4434.98,2519.35,820.4,4,3
327,SO-000327,20251010,19,4,1,6,5,11717.99,3513.93,2525.76,988.17,619.05,6,3
328,SO-000328,20240529,38,15,5,7,1,38990.41,15662.14,10715.61,4946.53,2130.27,10,5
329,SO-000329,20270711,44,3,1,4,17,58942.67,9085.31,5843.2,3242.11,5437.93,11,9
330,SO-000330,20240620,63,9,3,6,10,76827.45,21286.78,14484.71,6802.07,4921.08,7,5
331,SO-000331,20270416,12,15,5,10,3,8362.65,3564.81,2833.53,731.28,129.94,12,8
332,SO-000332,20260608,11,14,4,4,4,31361.86,8820.39,6974.16,1846.23,748.41,5,6
333,SO-000333,20240126,57,14,4,10,5,45610.5,15172.32,10041.92,5130.4,3382.9,4,5
334,SO-000334,20260131,69,4,1,5,5,70299.21,14000.07,11068.5,2931.57,3676.69,7,7
335,SO-000335,20260529,65,14,4,3,9,75102.75,30945.19,23103.28,7841.91,886.64,6,3
336,SO-000336,20261112,39,9,3,9,12,52623.49,12044.72,9575.67,2469.05,3302.3,15,10
337,SO-000337,20250412,49,8,2,9,17,6016.19,2453.45,1553.96,899.49,94.64,3,4
338,SO-000338,20241103,86,15,5,9,6,755.57,307.98,185.54,122.44,3.47,12,8
339,SO-000339,20251021,60,15,5,9,8,93150.43,37935.1,26955.66,10979.44,8513.46,10,9
340,SO-000340,20261025,51,14,4,10,2,41917.53,15345.44,10039.78,5305.66,326.48,7,8
341,SO-000341,20250801,56,5,1,3,10,18344.76,7178.33,5715.98,1462.35,1750.24,9,4
342,SO-000342,20260808,59,13,4,10,12,33066.44,10446.6,6284.61,4161.99,663.55,8,7
343,SO-000343,20240114,57,14,4,10,14,59373.25,17693.72,13350.31,4343.41,1160.29,6,6
344,SO-000344,20240103,43,13,4,5,13,2879.07,899.6,654.18,245.42,199.65,6,3
345,SO-000345,20261004,94,8,2,2,2,84976.1,31285.18,19421.52,11863.66,4502.16,10,6
346,SO-000346,20271206,30,8,2,2,12,97269.64,18745.03,12296.08,6448.95,427.02,10,6
347,SO-000347,20270427,53,8,2,3,19,46116.57,17264.65,12364.15,4900.5,2330.86,8,9
348,SO-000348,20271206,41,2,1,4,11,6697.14,2335.51,1462.36,873.15,195.34,12,8
349,SO-000349,20240804,27,7,2,2,6,32146.74,7444.76,4578.06,2866.7,651.66,4,4
350,SO-000350,20250923,24,3,1,9,15,45231.89,11046.08,6894.38,4151.7,1620.6,11,6
351,SO-000351,20251102,41,2,1,4,5,26868.29,4996.81,3155.6,1841.21,1843.31,4,3
352,SO-000352,20241222,78,3,1,2,1,9575.68,2149.41,1442.57,706.84,491.67,9,7
353,SO-000353,20240727,49,8,2,9,5,95233.61,38701.07,27523.84,11177.23,5239.0,9,4
354,SO-000354,20260201,9,1,1,9,3,12584.6,2120.51,1603.51,517.0,279.74,10,6
355,SO-000355,20270815,44,3,1,4,15,58441.22,13303.92,10144.9,3159.02,127.4,5,4
356,SO-000356,20260802,3,8,2,3,2,81025.22,14389.56,11072.12,3317.44,6554.03,2,4
357,SO-000357,20271031,32,15,5,6,14,17214.93,5546.05,4239.05,1307.0,679.99,7,3
358,SO-000358,20270611,80,5,1,3,20,17694.32,3793.92,2418.36,1375.56,495.18,3,5
359,SO-000359,20240628,8,7,2,4,9,61889.23,21301.25,14906.15,6395.1,5463.45,8,10
360,SO-000360,20260222,24,3,1,9,12,38610.02,10647.5,7757.03,2890.47,3077.98,4,6
361,SO-000361,20250707,91,8,2,10,6,48228.6,18540.55,12400.05,6140.5,2728.06,12,8
362,SO-000362,20260824,79,16,5,2,17,3093.27,1018.1,616.83,401.27,250.77,5,7
363,SO-000363,20250629,59,13,4,10,18,36064.57,11728.08,7582.82,4145.26,575.68,7,6
364,SO-000364,20251227,74,1,1,2,6,81720.37,34745.69,21235.93,13509.76,8142.55,10,6
365,SO-000365,20270308,5,3,1,10,19,18021.99,5906.81,4496.51,1410.3,1257.26,6,3
366,SO-000366,20241225,14,6,2,7,16,14639.18,6360.88,4880.95,1479.93,1186.36,12,10
367,SO-000367,20251110,50,9,3,10,20,4277.39,713.68,514.09,199.59,8.52,8,10
368,SO-000368,20240214,92,8,2,1,5,20545.71,3886.16,2888.92,997.24,1887.7,6,8
369,SO-000369,20260204,99,5,1,10,13,58867.61,25028.58,18893.41,6135.17,4983.03,7,8
370,SO-000370,20270822,13,9,3,1,11,58808.66,14759.11,9807.73,4951.38,5738.91,14,9
371,SO-000371,20270925,41,2,1,4,19,17833.17,7857.7,5804.58,2053.12,1656.43,9,8
372,SO-000372,20271208,17,11,3,2,19,81538.2,21486.56,16046.14,5440.42,2401.44,3,5
373,SO-000373,20270802,37,8,2,3,19,39464.34,17691.27,14029.83,3661.44,127.8,9,8
374,SO-000374,20241209,94,8,2,2,3,10858.97,3245.26,2162.1,1083.16,84.49,11,8
375,SO-000375,20250305,9,1,1,9,8,82255.35,28872.23,21534.56,7337.67,2761.72,5,3
376,SO-000376,20260616,46,16,5,7,14,69471.02,17725.14,13425.09,4300.05,5004.79,7,3
377,SO-000377,20260908,80,5,1,3,19,96925.63,40259.57,28126.0,12133.57,3670.7,8,9
378,SO-000378,20240211,39,9,3,9,11,65271.47,23246.31,14704.02,8542.29,481.11,5,3
379,SO-000379,20270125,96,3,1,9,3,26482.21,4804.34,3211.04,1593.3,2351.44,4,5
380,SO-000380,20270528,47,15,5,3,14,34126.08,15206.0,11840.08,3365.92,2404.2,9,9
381,SO-000381,20250901,36,6,2,9,8,16131.83,2909.82,1865.51,1044.31,306.48,9,7
382,SO-000382,20240108,68,6,2,9,14,10043.63,2690.39,1910.0,780.39,493.09,6,3
383,SO-000383,20250227,59,13,4,10,6,9219.02,3661.51,2654.66,1006.85,442.82,2,4
384,SO-000384,20260928,38,15,5,7,9,63999.97,28359.49,19701.74,8657.75,739.26,14,9
385,SO-000385,20260701,10,7,2,9,2,9568.12,2997.1,1909.08,1088.02,847.25,8,8
386,SO-000386,20271127,85,13,4,6,4,26697.95,7729.52,4987.46,2742.06,717.01,3,3
387,SO-000387,20260303,37,8,2,3,17,9027.88,2285.29,1618.65,666.64,876.34,4,6
388,SO-000388,20250904,62,1,1,2,3,42153.89,13095.29,10127.62,2967.67,2001.57,11,6
389,SO-000389,20260708,35,9,3,2,6,39783.03,16159.15,9807.73,6351.42,2272.49,4,5
390,SO-000390,20240609,44,3,1,4,14,94931.62,19000.51,12205.51,6795.0,1829.58,7,3
391,SO-000391,20240627,8,7,2,4,13,20590.97,8169.86,5143.54,3026.32,1225.26,7,8
392,SO-000392,20240818,57,14,4,10,14,55858.24,17629.77,13598.28,4031.49,2902.89,7,3
393,SO-000393,20270226,31,13,4,5,4,15389.41,4924.28,3528.42,1395.86,1484.82,3,4
394,SO-000394,20270903,51,14,4,10,16,78681.69,32278.58,25049.05,7229.53,6907.41,11,7
395,SO-000395,20260321,54,16,5,2,11,57416.31,16760.62,10633.61,6127.01,2313.73,7,9
396,SO-000396,20251122,45,11,3,4,10,69206.12,11404.29,7926.48,3477.81,1858.77,6,8
397,SO-000397,20250907,27,7,2,2,15,31439.46,12665.51,9773.3,2892.21,2153.14,6,6
398,SO-000398,20260623,63,9,3,6,7,77516.07,19089.15,14235.92,4853.23,4689.56,5,4
399,SO-000399,20261121,47,15,5,3,6,91386.56,24870.95,17332.37,7538.58,4720.13,6,8
400,SO-000400,20250129,39,9,3,9,7,7028.89,2550.58,1736.12,814.46,548.62,3,3
401,SO-000401,20260124,40,8,2,6,15,83779.18,18837.5,13022.17,5815.33,7691.19,8,6
402,SO-000402,20270501,77,8,2,10,15,50760.07,17290.04,10802.38,6487.66,155.14,13,8
403,SO-000403,20271111,79,16,5,2,3,18169.58,7470.32,5359.03,2111.29,635.5,7,5
404,SO-000404,20270818,91,8,2,10,8,28864.4,7677.06,4856.37,2820.69,1651.79,7,6
405,SO-000405,20240927,76,8,2,1,6,67930.68,15673.31,10687.65,4985.66,136.22,8,3
406,SO-000406,20260517,79,16,5,2,13,60313.62,9200.19,5984.52,3215.67,4855.76,9,7
407,SO-000407,20240116,32,15,5,6,17,85232.82,24521.43,15783.02,8738.41,2575.27,8,9
408,SO-000408,20271102,75,12,3,5,4,99943.22,43969.58,33763.17,10206.41,5611.38,9,7
409,SO-000409,20270905,10,7,2,9,10,48432.97,12151.11,7962.58,4188.53,1574.74,9,7
410,SO-000410,20271026,66,15,5,1,5,19241.83,5872.38,3805.66,2066.72,109.24,12,9
411,SO-000411,20260306,85,13,4,6,2,72267.68,25049.44,20026.87,5022.57,1874.81,13,9
412,SO-000412,20271007,42,2,1,6,12,58510.86,26237.8,20024.77,6213.03,2007.9,11,6
413,SO-000413,20240718,34,12,3,4,16,50977.83,20575.97,15804.97,4771.0,4468.18,7,5
414,SO-000414,20270902,52,13,4,6,3,13230.44,3011.19,2293.53,717.66,1009.37,8,5
415,SO-000415,20250617,35,9,3,2,19,22614.22,4907.25,3799.62,1107.63,950.87,11,8
416,SO-000416,20250202,27,7,2,2,17,29758.09,12062.86,8372.92,3689.94,2578.22,9,4
417,SO-000417,20250214,26,12,3,10,11,12421.69,4399.88,3106.17,1293.71,513.15,5,5
418,SO-000418,20240614,63,9,3,6,16,41214.59,13222.51,10331.07,2891.44,1885.86,8,8
419,SO-000419,20250304,74,1,1,2,6,33596.63,14983.83,9929.53,5054.3,194.91,12,10
420,SO-000420,20270721,94,8,2,2,14,57839.75,11425.12,8649.3,2775.82,4510.07,9,5
421,SO-000421,20240129,31,13,4,5,11,40637.65,17864.24,12088.08,5776.16,153.31,9,6
422,SO-000422,20271121,18,3,1,7,12,75806.35,23447.67,14152.62,9295.05,31.26,7,6
423,SO-000423,20250902,73,11,3,8,10,31553.18,5705.21,3997.45,1707.76,965.89,2,4
424,SO-000424,20260930,78,3,1,2,12,45864.67,14038.56,9894.71,4143.85,1988.99,8,5
425,SO-000425,20250404,45,11,3,4,5,75136.5,14987.11,11710.61,3276.5,6101.15,4,3
426,SO-000426,20270804,59,13,4,10,9,21513.43,3368.44,2361.03,1007.41,264.96,7,3
427,SO-000427,20240408,97,8,2,5,4,77239.34,26025.06,18706.42,7318.64,370.44,2,4
428,SO-000428,20271124,52,13,4,6,1,41969.17,11083.06,7862.95,3220.11,1991.0,6,5
429,SO-000429,20240802,56,5,1,3,17,30461.09,10615.67,7775.94,2839.73,822.38,9,5
430,SO-000430,20250622,43,13,4,5,17,72017.24,13346.26,8312.08,5034.18,765.28,7,6
431,SO-000431,20271110,3,8,2,3,16,97325.41,25049.28,17082.39,7966.89,1560.84,11,10
432,SO-000432,20240703,25,10,3,10,17,33395.06,5036.69,3698.58,1338.11,3028.53,10,10
433,SO-000433,20250624,62,1,1,2,15,7967.3,2924.58,2283.97,640.61,513.36,12,10
434,SO-000434,20260522,4,4,1,9,4,5482.98,2160.04,1673.66,486.38,467.29,11,8
435,SO-000435,20260102,47,15,5,3,15,9952.35,3756.63,2288.46,1468.17,847.94,8,5
436,SO-000436,20240821,35,9,3,2,13,95531.37,22019.29,16439.9,5579.39,3559.71,8,8
437,SO-000437,20270821,75,12,3,5,6,40324.9,11571.7,8877.13,2694.57,2782.02,14,10
438,SO-000438,20260502,96,3,1,9,19,11749.13,4216.19,2579.17,1637.02,1107.32,4,5
439,SO-000439,20271102,17,11,3,2,5,48526.15,15561.51,10700.6,4860.91,2966.52,6,8
440,SO-000440,20270903,26,12,3,10,11,48566.43,14396.88,11193.84,3203.04,2140.26,6,4
441,SO-000441,20261129,8,7,2,4,17,1729.84,710.1,500.59,209.51,128.64,9,6
442,SO-000442,20270921,84,7,2,5,13,68980.04,23140.85,15887.8,7253.05,5012.45,13,10
443,SO-000443,20261101,30,8,2,2,16,15291.12,6084.82,4736.5,1348.32,937.21,3,3
444,SO-000444,20250723,59,13,4,10,2,85261.18,35027.4,21540.91,13486.49,4191.85,9,6
445,SO-000445,20260628,35,9,3,2,19,50939.47,16053.51,10847.8,5205.71,4162.28,9,4
446,SO-000446,20240729,35,9,3,2,13,45085.81,18348.88,12649.97,5698.91,535.2,8,10
447,SO-000447,20270902,72,1,1,10,15,41527.69,13170.06,7902.48,5267.58,377.47,8,7
448,SO-000448,20270221,64,4,1,5,20,95060.34,24620.89,15039.79,9581.1,2119.07,13,10
449,SO-000449,20240105,45,11,3,4,11,60195.14,21971.07,14779.04,7192.03,2724.03,5,4
450,SO-000450,20240403,79,16,5,2,6,35836.33,12187.88,9262.58,2925.3,1962.72,7,8
451,SO-000451,20250119,53,8,2,3,4,49496.0,19627.72,14691.39,4936.33,2025.43,8,7
452,SO-000452,20260428,62,1,1,2,2,93056.52,24926.95,17234.72,7692.23,7271.63,7,8
453,SO-000453,20270910,77,8,2,10,19,92699.34,37194.67,26696.93,10497.74,7157.73,15,10
454,SO-000454,20270413,9,1,1,9,16,95640.94,18209.16,12742.15,5467.01,5072.45,7,3
455,SO-000455,20240731,79,16,5,2,13,92474.9,35540.37,27793.86,7746.51,6397.58,5,5
456,SO-000456,20250714,70,7,2,3,13,65923.42,21876.57,14534.11,7342.46,5810.43,10,9
457,SO-000457,20271207,80,5,1,3,18,96377.56,42516.72,29360.73,13155.99,1285.41,11,9
458,SO-000458,20270702,42,2,1,6,10,86140.4,31317.4,24650.0,6667.4,5449.1,7,6
459,SO-000459,20271225,77,8,2,10,4,68817.82,29341.0,18383.14,10957.86,4888.79,8,5
460,SO-000460,20260515,87,15,5,2,1,76197.11,24282.8,17400.11,6882.69,7182.9,11,9
461,SO-000461,20241125,73,11,3,8,10,52511.63,8274.87,5205.43,3069.44,3519.61,8,6
462,SO-000462,20260104,54,16,5,2,15,68497.34,13283.59,8134.96,5148.63,5372.64,4,6
463,SO-000463,20261112,85,13,4,6,10,10696.76,4390.06,3283.32,1106.74,925.1,10,9
464,SO-000464,20240127,72,1,1,10,9,69447.14,11395.86,7707.21,3688.65,2892.93,6,8
465,SO-000465,20270420,3,8,2,3,18,20707.18,8503.51,6565.47,1938.04,917.46,9,6
466,SO-000466,20271030,61,9,3,9,3,73975.78,15456.55,11514.87,3941.68,1431.41,10,10
467,SO-000467,20270213,9,1,1,9,9,19104.17,3861.69,2713.88,1147.81,720.61,11,9
468,SO-000468,20241110,13,9,3,1,11,13441.62,4371.16,2845.64,1525.52,444.33,3,5
469,SO-000469,20270318,86,15,5,9,18,59889.59,22883.71,16592.37,6291.34,5049.53,12,7
470,SO-000470,20261031,70,7,2,3,6,36129.52,13917.43,9235.21,4682.22,794.71,4,5
471,SO-000471,20251109,1,4,1,1,12,41885.16,13030.93,8058.19,4972.74,926.49,9,6
472,SO-000472,20271001,64,4,1,5,12,29710.65,12926.88,9354.62,3572.26,1410.83,2,3
473,SO-000473,20260220,43,13,4,5,4,44843.89,18894.93,13656.13,5238.8,2785.4,6,3
474,SO-000474,20260923,97,8,2,5,2,38894.66,12137.9,7969.33,4168.57,3544.61,13,8
475,SO-000475,20270106,36,6,2,9,18,29995.18,10362.09,6881.08,3481.01,247.0,4,4
476,SO-000476,20250225,22,15,5,9,18,1229.39,208.56,153.1,55.46,95.1,8,9
477,SO-000477,20240218,20,12,3,10,15,82960.49,34311.73,25674.61,8637.12,3610.75,4,4
478,SO-000478,20270323,48,9,3,3,8,71828.39,11590.65,7124.19,4466.46,1278.49,6,7
479,SO-000479,20260308,61,9,3,9,4,91143.16,24817.36,17129.57,7687.79,3686.27,6,8
480,SO-000480,20260102,65,14,4,3,17,53716.02,18393.81,13311.05,5082.76,4060.72,2,3
481,SO-000481,20260320,14,6,2,7,1,11060.49,4270.1,2819.42,1450.68,95.68,14,10
482,SO-000482,20250902,23,4,1,7,12,47661.77,14777.07,9269.31,5507.76,1863.54,7,7
483,SO-000483,20270318,78,3,1,2,20,95760.47,14684.4,11379.73,3304.67,1353.8,1,3
484,SO-000484,20260425,26,12,3,10,17,39711.13,12479.53,7700.19,4779.34,834.14,9,8
485,SO-000485,20271006,35,9,3,2,19,14674.28,3011.13,2178.18,832.95,370.88,4,4
486,SO-000486,20250818,64,4,1,5,3,85298.99,34581.6,27197.53,7384.07,8481.39,9,10
487,SO-000487,20271006,64,4,1,5,8,25443.42,5323.41,3812.2,1511.21,2421.04,8,8
488,SO-000488,20270616,69,4,1,5,10,10454.48,3511.19,2738.81,772.38,332.23,13,10
489,SO-000489,20240110,52,13,4,6,11,69499.08,13602.25,9703.47,3898.78,5613.44,9,9
490,SO-000490,20271023,33,6,2,6,11,24994.43,5410.24,4046.66,1363.58,1090.07,8,8
491,SO-000491,20270815,58,3,1,7,20,87849.64,25375.76,17046.12,8329.64,2683.56,4,4
492,SO-000492,20270707,53,8,2,3,3,8656.38,2027.19,1551.39,475.8,771.54,8,6
493,SO-000493,20240316,12,15,5,10,18,72878.82,30436.49,23433.58,7002.91,4603.22,10,9
494,SO-000494,20260314,98,16,5,4,8,26431.32,11053.47,7825.14,3228.33,1728.37,8,5
495,SO-000495,20260115,77,8,2,10,17,89198.04,29157.08,22492.73,6664.35,1194.19,8,4
496,SO-000496,20260702,82,6,2,5,6,1553.87,344.44,273.07,71.37,152.57,5,5
497,SO-000497,20240323,39,9,3,9,8,18324.95,7964.27,5828.91,2135.36,1773.37,13,10
498,SO-000498,20260305,79,16,5,2,16,76266.5,16742.4,10930.63,5811.77,1784.78,9,6
499,SO-000499,20250623,19,4,1,6,19,91831.24,38060.89,23140.3,14920.59,5955.48,6,4
500,SO-000500,20260209,5,3,1,10,8,54662.83,11050.36,8074.89,2975.47,1996.82,6,4
501,SO-000501,20261024,94,8,2,2,5,51878.99,13274.25,10268.21,3006.04,2525.79,8,10
502,SO-000502,20241118,25,10,3,10,12,44269.92,9694.99,6814.69,2880.3,1243.14,5,5
503,SO-000503,20260913,90,1,1,10,16,60401.02,23863.63,17473.47,6390.16,2504.31,7,8
504,SO-000504,20240918,32,15,5,6,19,48162.61,15760.6,11496.6,4264.0,1979.0,4,6
505,SO-000505,20241206,8,7,2,4,9,59438.59,11318.13,7951.31,3366.82,5294.78,3,5
506,SO-000506,20240624,34,12,3,4,7,92283.46,28145.74,19169.82,8975.92,8944.52,5,3
507,SO-000507,20270408,97,8,2,5,6,45195.73,20240.13,15654.94,4585.19,770.89,9,9
508,SO-000508,20250415,28,2,1,4,13,62509.57,18955.49,12009.14,6946.35,4285.6,9,10
509,SO-000509,20270525,73,11,3,8,4,38853.46,7093.52,4543.18,2550.34,3339.81,9,9
510,SO-000510,20260914,16,5,1,4,5,18153.51,7633.23,5495.64,2137.59,1593.43,3,4
511,SO-000511,20260128,41,2,1,4,2,90247.48,28137.88,16889.48,11248.4,8462.82,13,9
512,SO-000512,20270421,11,14,4,4,19,69915.46,19484.52,15347.65,4136.87,3370.79,12,9
513,SO-000513,20270510,15,11,3,5,18,10222.83,1944.02,1351.93,592.09,237.69,6,4
514,SO-000514,20260207,81,16,5,9,7,41160.35,8508.1,6311.56,2196.54,3249.29,2,4
515,SO-000515,20270102,93,3,1,1,14,68932.79,16872.71,11346.12,5526.59,1066.93,9,7
516,SO-000516,20270204,65,14,4,3,18,56684.69,18907.98,15095.37,3812.61,2252.96,10,6
517,SO-000517,20271215,49,8,2,9,13,48505.54,12663.04,9003.2,3659.84,1230.96,10,7
518,SO-000518,20240724,89,3,1,6,7,73710.35,29963.23,21928.79,8034.44,5512.16,10,10
519,SO-000519,20260307,8,7,2,4,1,51080.18,19707.98,14981.43,4726.55,3136.45,3,3
520,SO-000520,20250622,17,11,3,2,8,80534.75,31970.41,22198.13,9772.28,4834.06,3,4
521,SO-000521,20271228,49,8,2,9,20,37398.1,12442.67,9268.53,3174.14,3480.59,11,9
522,SO-000522,20270907,41,2,1,4,17,6217.57,2375.62,1508.65,866.97,307.38,4,3
523,SO-000523,20271012,13,9,3,1,2,28957.65,4635.62,3337.2,1298.42,1493.68,6,6
524,SO-000524,20251224,94,8,2,2,13,36294.13,12576.12,9999.64,2576.48,315.19,11,7
525,SO-000525,20270219,74,1,1,2,19,40842.37,8580.7,5174.79,3405.91,2873.76,6,4
526,SO-000526,20260407,60,15,5,9,19,35135.48,15423.99,10107.36,5316.63,2130.49,11,6
527,SO-000527,20240827,19,4,1,6,17,962.82,194.98,136.73,58.25,53.79,10,7
528,SO-000528,20270227,15,11,3,5,16,95692.58,39505.14,30127.78,9377.36,5501.31,14,10
529,SO-000529,20260914,82,6,2,5,4,77111.74,29089.79,23046.32,6043.47,3538.26,8,10
530,SO-000530,20260424,53,8,2,3,12,26153.07,6925.38,5247.58,1677.8,576.37,9,6
531,SO-000531,20271011,36,6,2,9,11,51892.17,7935.19,6081.81,1853.38,1288.26,8,4
532,SO-000532,20271031,67,9,3,9,7,8064.87,3463.21,2408.01,1055.2,285.12,7,7
533,SO-000533,20250219,3,8,2,3,8,50150.43,10526.57,7864.25,2662.32,4376.84,7,6
534,SO-000534,20270611,44,3,1,4,1,83715.3,21498.78,16248.51,5250.27,1003.57,9,4
535,SO-000535,20270322,69,4,1,5,9,76542.3,23915.04,14551.17,9363.87,3691.57,13,8
536,SO-000536,20240420,78,3,1,2,17,49335.13,21969.84,17206.81,4763.03,1382.7,6,6
537,SO-000537,20260725,72,1,1,10,4,80027.36,23487.71,16632.91,6854.8,4021.18,9,9
538,SO-000538,20270404,26,12,3,10,4,69975.33,20154.38,14870.75,5283.63,82.71,10,6
539,SO-000539,20260823,15,11,3,5,20,32880.9,10976.74,7156.18,3820.56,1803.73,8,6
540,SO-000540,20260331,84,7,2,5,9,34638.1,7106.84,4866.68,2240.16,1451.66,11,8
541,SO-000541,20250427,77,8,2,10,18,45347.53,14575.74,11600.17,2975.57,3110.89,6,4
542,SO-000542,20240120,54,16,5,2,6,43505.77,11497.05,7233.58,4263.47,4172.85,10,5
543,SO-000543,20250906,53,8,2,3,9,42441.31,8078.34,6290.23,1788.11,2676.57,13,8
544,SO-000544,20250604,12,15,5,10,16,56432.78,18078.26,12287.44,5790.82,3896.93,4,3
545,SO-000545,20251205,42,2,1,6,1,83977.69,15022.82,11250.87,3771.95,2181.48,10,8
546,SO-000546,20251228,99,5,1,10,11,41470.21,10588.47,7792.24,2796.23,2511.34,7,5
547,SO-000547,20260807,61,9,3,9,5,67482.69,19991.62,14939.84,5051.78,6003.48,11,9
548,SO-000548,20240611,66,15,5,1,6,86891.64,29732.08,23360.89,6371.19,3665.23,8,9
549,SO-000549,20260630,76,8,2,1,12,34690.74,8466.09,6185.35,2280.74,2464.55,11,9
550,SO-000550,20250425,82,6,2,5,9,74915.6,22945.2,15833.51,7111.69,1253.47,3,3
551,SO-000551,20240510,62,1,1,2,16,94073.52,33886.14,20874.3,13011.84,1570.19,3,4
552,SO-000552,20250621,96,3,1,9,20,55069.16,8695.94,5908.04,2787.9,4212.77,3,4
553,SO-000553,20260626,10,7,2,9,5,15949.8,5525.81,4294.08,1231.73,493.44,8,6
554,SO-000554,20260814,27,7,2,2,18,13562.07,5445.92,3298.67,2147.25,899.91,13,8
555,SO-000555,20270716,32,15,5,6,19,93518.33,29417.46,18445.42,10972.04,8870.08,10,5
556,SO-000556,20240702,66,15,5,1,15,43780.25,14970.04,10580.18,4389.86,3979.29,11,10
557,SO-000557,20250810,49,8,2,9,16,31132.88,8519.86,5377.25,3142.61,32.86,8,5
558,SO-000558,20260531,80,5,1,3,10,53742.34,19150.06,13374.14,5775.92,4060.09,5,7
559,SO-000559,20250526,84,7,2,5,6,59901.87,23303.64,16537.25,6766.39,1129.58,13,9
560,SO-000560,20270704,75,12,3,5,8,71636.33,24628.37,18857.58,5770.79,1580.24,8,4
561,SO-000561,20270821,42,2,1,6,18,51902.7,20241.42,14627.33,5614.09,3601.66,9,7
562,SO-000562,20270728,86,15,5,9,15,80976.46,22177.12,17091.83,5085.29,1477.07,6,7
563,SO-000563,20240411,69,4,1,5,18,61964.08,14353.37,10399.75,3953.62,1163.62,3,3
564,SO-000564,20250421,45,11,3,4,3,2702.02,1193.48,783.43,410.05,33.79,8,10
565,SO-000565,20260807,32,15,5,6,2,15493.03,4618.07,3086.64,1531.43,482.73,13,10
566,SO-000566,20270117,34,12,3,4,16,33359.74,13446.11,10626.85,2819.26,186.94,8,9
567,SO-000567,20250524,88,8,2,4,13,18569.57,7775.26,5054.04,2721.22,708.57,2,3
568,SO-000568,20261203,64,4,1,5,7,77236.92,21849.42,16332.96,5516.46,258.82,9,10
569,SO-000569,20250602,92,8,2,1,16,47546.14,16851.91,11163.07,5688.84,1536.04,2,3
570,SO-000570,20250428,37,8,2,3,14,64032.74,13422.36,10435.94,2986.42,5530.24,5,6
571,SO-000571,20240327,75,12,3,5,19,32789.09,6564.64,4301.28,2263.36,392.32,4,6
572,SO-000572,20241118,95,2,1,6,16,78455.79,22954.69,16509.99,6444.7,2913.84,5,4
573,SO-000573,20251229,79,16,5,2,5,9594.45,3219.83,2531.33,688.5,956.54,1,3
574,SO-000574,20250130,38,15,5,7,1,70282.15,27230.11,17023.33,10206.78,1635.29,13,8
575,SO-000575,20270218,72,1,1,10,10,69080.37,17784.76,11150.09,6634.67,6208.0,15,10
576,SO-000576,20250717,58,3,1,7,20,54502.04,16188.61,11547.99,4640.62,2962.84,13,8
577,SO-000577,20270114,95,2,1,6,12,91490.16,28943.47,17764.79,11178.68,1418.33,9,7
578,SO-000578,20270624,86,15,5,9,8,45680.86,17485.51,12260.69,5224.82,3351.41,6,3
579,SO-000579,20270203,64,4,1,5,5,32409.06,5477.21,4345.8,1131.41,2654.46,11,6
580,SO-000580,20240922,88,8,2,4,6,61497.4,15176.33,11051.11,4125.22,679.33,2,4
581,SO-000581,20261212,32,15,5,6,20,87412.53,18411.15,12833.94,5577.21,863.23,14,9
582,SO-000582,20250303,11,14,4,4,16,70280.75,15938.38,10730.85,5207.53,4258.69,2,4
583,SO-000583,20260125,88,8,2,4,2,92876.17,37115.48,25743.74,11371.74,5934.01,12,8
584,SO-000584,20250318,33,6,2,6,17,82452.48,18943.02,11519.83,7423.19,580.37,6,7
585,SO-000585,20270217,39,9,3,9,18,10163.37,3735.56,2638.55,1097.01,192.56,6,6
586,SO-000586,20240801,27,7,2,2,6,41810.87,7595.12,5527.16,2067.96,1496.68,14,10
587,SO-000587,20251007,41,2,1,4,18,79349.93,24994.41,17519.55,7474.86,5217.51,13,10
588,SO-000588,20270531,21,9,3,1,8,99150.57,24529.48,16541.31,7988.17,7576.93,12,9
589,SO-000589,20260715,57,14,4,10,15,56532.9,12108.13,9119.14,2988.99,5235.78,10,7
590,SO-000590,20250910,59,13,4,10,1,96002.53,14406.01,8743.48,5662.53,2731.1,3,3
591,SO-000591,20240712,20,12,3,10,2,30383.23,6579.97,5074.1,1505.87,65.94,7,7
592,SO-000592,20250608,60,15,5,9,10,46306.8,9114.67,5951.86,3162.81,4119.57,7,6
593,SO-000593,20241220,35,9,3,2,16,9644.56,2603.45,2040.0,563.45,708.17,13,8
594,SO-000594,20270326,76,8,2,1,13,82657.67,29498.75,21098.88,8399.87,7502.47,5,7
595,SO-000595,20240903,56,5,1,3,8,8308.5,1385.67,1045.05,340.62,289.08,13,9
596,SO-000596,20250916,79,16,5,2,17,74894.03,30320.36,23823.64,6496.72,4747.44,7,9
597,SO-000597,20240413,5,3,1,10,13,4597.63,1434.36,903.53,530.83,230.99,6,6
598,SO-000598,20260318,98,16,5,4,5,97118.5,36502.19,26100.93,10401.26,874.87,11,9
599,SO-000599,20240623,56,5,1,3,13,13652.81,2386.01,1704.3,681.71,67.32,11,9
600,SO-000600,20260320,56,5,1,3,19,50431.4,19272.24,12065.87,7206.37,680.17,11,6
601,SO-000601,20260530,69,4,1,5,11,20011.88,6699.96,5005.76,1694.2,492.78,6,4
602,SO-000602,20250125,95,2,1,6,11,68631.43,22154.6,13791.37,8363.23,2838.47,11,8
603,SO-000603,20270630,47,15,5,3,5,34780.23,12055.63,9089.18,2966.45,588.67,13,8
604,SO-000604,20240818,12,15,5,10,2,44326.11,18938.95,12247.78,6691.17,3037.93,4,5
605,SO-000605,20251204,54,16,5,2,4,24683.31,8301.02,5225.79,3075.23,2054.75,5,7
606,SO-000606,20270124,63,9,3,6,17,30859.25,8991.06,5991.42,2999.64,2283.62,7,6
607,SO-000607,20270408,97,8,2,5,17,75160.34,23648.45,17135.87,6512.58,7458.18,7,3
608,SO-000608,20260810,63,9,3,6,1,4826.46,970.58,637.48,333.1,380.9,5,7
609,SO-000609,20240209,4,4,1,9,10,7126.48,2480.81,1817.43,663.38,650.55,7,8
610,SO-000610,20260919,16,5,1,4,20,86807.34,29933.2,19343.84,10589.36,3304.77,7,4
611,SO-000611,20250521,87,15,5,2,17,53390.28,10994.4,7697.51,3296.89,2445.2,1,3
612,SO-000612,20270704,64,4,1,5,10,30840.29,9158.94,6858.93,2300.01,56.66,11,8
613,SO-000613,20240301,32,15,5,6,18,24002.37,10644.41,7453.75,3190.66,1948.74,11,7
614,SO-000614,20260221,86,15,5,9,17,94937.08,20665.41,13811.88,6853.53,3729.57,4,5
615,SO-000615,20260523,81,16,5,9,10,96080.27,32065.3,23250.71,8814.59,2185.13,6,6
616,SO-000616,20241009,40,8,2,6,10,91018.67,22644.12,16042.15,6601.97,1881.88,6,5
617,SO-000617,20251012,10,7,2,9,3,69008.94,28955.66,22640.79,6314.87,2967.83,5,5
618,SO-000618,20251014,63,9,3,6,14,55955.36,24317.11,15166.03,9151.08,1777.13,3,5
619,SO-000619,20250119,31,13,4,5,4,96139.02,23169.93,17357.1,5812.83,7899.73,7,7
620,SO-000620,20250417,14,6,2,7,1,13588.82,2145.12,1710.07,435.05,838.36,7,6
621,SO-000621,20250111,66,15,5,1,13,36246.5,12919.79,8983.39,3936.4,1820.75,13,10
622,SO-000622,20260425,59,13,4,10,8,49398.84,9447.72,6033.8,3413.92,159.21,5,3
623,SO-000623,20271109,27,7,2,2,11,74365.48,33202.18,24953.27,8248.91,491.83,15,10
624,SO-000624,20260318,63,9,3,6,20,86744.1,36109.49,24753.46,11356.03,6733.2,12,9
625,SO-000625,20260713,18,3,1,7,15,93944.34,30210.65,21365.93,8844.72,6025.53,2,3
626,SO-000626,20270216,42,2,1,6,13,82787.51,13471.58,10766.05,2705.53,4294.21,7,9
627,SO-000627,20250808,42,2,1,6,15,51854.6,17588.8,10726.69,6862.11,1509.9,11,9
628,SO-000628,20270816,30,8,2,2,15,17065.42,4067.13,3187.84,879.29,1177.43,10,5
629,SO-000629,20260426,93,3,1,1,11,9498.86,2851.53,1813.44,1038.09,556.11,9,5
630,SO-000630,20240703,28,2,1,4,9,45363.14,9238.82,6634.06,2604.76,3232.73,11,6
631,SO-000631,20240821,82,6,2,5,15,32745.44,11283.19,8375.44,2907.75,537.01,3,4
632,SO-000632,20270201,37,8,2,3,13,63590.21,11165.93,8279.04,2886.89,4622.21,9,5
633,SO-000633,20241023,51,14,4,10,6,4868.66,979.89,653.62,326.27,424.21,5,5
634,SO-000634,20270706,55,2,1,2,6,77031.1,12740.42,8429.22,4311.2,5624.52,12,10
635,SO-000635,20260728,14,6,2,7,16,12196.62,2310.91,1480.3,830.61,759.31,5,7
636,SO-000636,20270420,76,8,2,1,16,85613.4,26801.3,16111.6,10689.7,7557.12,7,6
637,SO-000637,20240410,98,16,5,4,6,45646.98,12898.13,9289.79,3608.34,30.0,8,7
638,SO-000638,20240628,41,2,1,4,2,15251.49,5276.76,3204.81,2071.95,1302.22,10,7
639,SO-000639,20270331,14,6,2,7,12,11334.32,5079.14,3211.37,1867.77,322.33,10,5
640,SO-000640,20260525,100,16,5,4,18,93182.24,16580.65,10940.89,5639.76,3434.41,8,9
641,SO-000641,20261210,14,6,2,7,7,6960.12,2027.1,1265.73,761.37,598.16,12,8
642,SO-000642,20271111,57,14,4,10,20,69735.03,23264.73,14467.42,8797.31,5088.76,9,4
643,SO-000643,20261212,95,2,1,6,19,93422.22,41655.43,27385.84,14269.59,5687.96,10,8
644,SO-000644,20250103,2,9,3,4,20,99504.92,25488.78,15954.51,9534.27,5598.49,15,10
645,SO-000645,20250228,37,8,2,3,20,23655.8,5609.89,3583.1,2026.79,279.63,9,10
646,SO-000646,20270804,43,13,4,5,7,99899.21,27393.6,18264.91,9128.69,5598.51,4,6
647,SO-000647,20240821,58,3,1,7,11,69156.7,15651.91,9603.5,6048.41,2076.67,6,8
648,SO-000648,20251107,81,16,5,9,11,34465.48,12659.83,9155.57,3504.26,100.35,6,5
649,SO-000649,20241114,39,9,3,9,15,92266.84,27101.77,18833.02,8268.75,328.08,10,5
650,SO-000650,20261203,89,3,1,6,10,89259.8,27767.85,18521.76,9246.09,6997.87,7,9
651,SO-000651,20240515,86,15,5,9,5,56711.79,20045.31,14252.93,5792.38,106.16,11,8
652,SO-000652,20250118,40,8,2,6,20,28405.77,4526.51,3606.38,920.13,1779.65,9,5
653,SO-000653,20260427,67,9,3,9,3,12126.04,4664.93,3086.58,1578.35,1040.2,5,3
654,SO-000654,20241224,37,8,2,3,4,49956.92,11055.1,7632.23,3422.87,4749.54,8,6
655,SO-000655,20261021,44,3,1,4,5,37734.46,6083.49,3895.99,2187.5,349.44,8,3
656,SO-000656,20240720,30,8,2,2,17,19426.06,8296.7,6193.39,2103.31,1017.2,8,8
657,SO-000657,20250928,72,1,1,10,2,67833.37,12875.8,9591.37,3284.43,3116.05,2,4
658,SO-000658,20261202,63,9,3,6,10,68861.71,22606.35,13957.5,8648.85,3214.99,2,3
659,SO-000659,20250809,73,11,3,8,9,2736.79,1033.27,751.98,281.29,57.43,7,6
660,SO-000660,20240822,76,8,2,1,1,53461.44,20413.51,14988.11,5425.4,1457.65,7,5
661,SO-000661,20241016,100,16,5,4,10,95850.66,30469.75,18905.72,11564.03,5200.17,10,8
662,SO-000662,20240923,59,13,4,10,1,57621.25,11603.91,7684.99,3918.92,5141.22,8,10
663,SO-000663,20250101,33,6,2,6,20,47338.19,16693.76,10369.92,6323.84,254.68,13,9
664,SO-000664,20251111,54,16,5,2,7,89181.95,30218.52,22302.02,7916.5,3976.05,10,8
665,SO-000665,20240709,26,12,3,10,15,71433.42,25091.78,17732.29,7359.49,6955.34,10,10
666,SO-000666,20250403,72,1,1,10,5,10177.67,2474.37,1803.53,670.84,780.11,11,10
667,SO-000667,20260717,89,3,1,6,16,86179.08,28877.11,22598.43,6278.68,3378.88,11,8
668,SO-000668,20251214,4,4,1,9,20,3511.28,1027.4,688.65,338.75,161.95,7,5
669,SO-000669,20270212,37,8,2,3,3,57680.49,17441.71,11880.2,5561.51,4119.96,7,4
670,SO-000670,20260914,13,9,3,1,13,79346.88,24583.54,16720.82,7862.72,3280.53,6,6
671,SO-000671,20270120,74,1,1,2,8,7072.96,1502.8,1110.29,392.51,304.95,12,9
672,SO-000672,20270427,75,12,3,5,20,17722.0,6218.32,4650.52,1567.8,1261.64,9,10
673,SO-000673,20270510,69,4,1,5,4,46559.39,14737.27,11265.24,3472.03,820.26,8,9
674,SO-000674,20250321,60,15,5,9,5,68708.11,22599.58,17265.47,5334.11,2249.56,2,3
675,SO-000675,20260716,26,12,3,10,18,88782.52,37375.38,27180.37,10195.01,1.64,5,5
676,SO-000676,20270313,12,15,5,10,10,29504.57,9874.34,6807.69,3066.65,606.8,10,8
677,SO-000677,20270606,74,1,1,2,17,91890.91,39605.25,29448.81,10156.44,8409.1,2,4
678,SO-000678,20271211,66,15,5,1,18,40717.64,7665.78,5050.5,2615.28,1503.39,1,3
679,SO-000679,20271209,85,13,4,6,19,82164.95,21179.94,16356.2,4823.74,7112.85,10,6
680,SO-000680,20260830,26,12,3,10,5,39729.7,9751.19,6597.24,3153.95,1515.95,6,6
681,SO-000681,20271004,14,6,2,7,5,19228.57,5102.85,4005.21,1097.64,1615.13,7,5
682,SO-000682,20241005,78,3,1,2,3,13860.61,2377.42,1433.92,943.5,999.82,14,10
683,SO-000683,20260719,46,16,5,7,17,14153.42,5545.06,4280.96,1264.1,1264.72,9,9
684,SO-000684,20270329,88,8,2,4,16,42700.41,16910.28,11447.29,5462.99,963.92,7,9
685,SO-000685,20240318,33,6,2,6,19,84756.99,18733.41,13119.86,5613.55,3482.14,6,8
686,SO-000686,20261214,67,9,3,9,9,48585.18,12660.01,9065.25,3594.76,4672.62,4,4
687,SO-000687,20271101,65,14,4,3,18,46761.16,8111.68,6310.75,1800.93,413.59,9,10
688,SO-000688,20260718,39,9,3,9,17,79910.77,19478.24,11892.53,7585.71,2745.3,8,3
689,SO-000689,20241209,100,16,5,4,2,90652.48,29207.29,19460.9,9746.39,3199.26,9,7
690,SO-000690,20270712,46,16,5,7,16,69657.59,22937.61,15157.5,7780.11,5468.27,5,7
691,SO-000691,20260919,24,3,1,9,3,58025.04,18675.82,13656.95,5018.87,1692.9,5,3
692,SO-000692,20250610,13,9,3,1,1,13118.72,2270.31,1718.06,552.25,330.66,9,7
693,SO-000693,20241225,78,3,1,2,9,74272.2,24594.98,19233.92,5361.06,5488.47,13,10
694,SO-000694,20240621,54,16,5,2,5,78361.51,17306.83,11009.94,6296.89,4132.7,6,3
695,SO-000695,20250502,96,3,1,9,15,59756.64,23694.53,18186.09,5508.44,4498.25,13,9
696,SO-000696,20240825,84,7,2,5,2,72736.91,14560.84,10419.03,4141.81,6123.23,5,3
697,SO-000697,20271031,58,3,1,7,13,17176.24,4631.12,3057.81,1573.31,1281.61,10,6
698,SO-000698,20271021,89,3,1,6,11,47721.66,9236.29,7149.4,2086.89,56.61,14,10
699,SO-000699,20270604,82,6,2,5,9,96195.39,34136.17,20761.74,13374.43,8827.97,12,8
700,SO-000700,20271014,58,3,1,7,8,33829.26,7785.0,4824.02,2960.98,2213.59,14,9
701,SO-000701,20270126,67,9,3,9,1,73564.19,24027.34,15353.11,8674.23,2482.1,8,5
702,SO-000702,20251220,95,2,1,6,8,67443.79,26944.26,16231.01,10713.25,658.92,9,4
703,SO-000703,20270512,23,4,1,7,4,72662.44,16390.38,9945.82,6444.56,4500.69,4,3
704,SO-000704,20271125,37,8,2,3,6,70953.47,13196.86,10178.58,3018.28,921.74,4,5
705,SO-000705,20271118,62,1,1,2,11,25706.91,7457.23,5870.6,1586.63,1642.11,11,7
706,SO-000706,20240503,26,12,3,10,9,26104.99,10030.04,6574.26,3455.78,162.86,12,9
707,SO-000707,20241231,89,3,1,6,16,95582.77,21926.64,15088.05,6838.59,4700.01,10,6
708,SO-000708,20250614,22,15,5,9,4,11288.83,3524.26,2418.53,1105.73,693.1,9,4
709,SO-000709,20241031,12,15,5,10,1,3968.66,679.13,506.3,172.83,308.46,8,3
710,SO-000710,20261121,28,2,1,4,16,93322.93,32605.33,21300.65,11304.68,6533.12,7,9
711,SO-000711,20240107,25,10,3,10,13,48074.87,13036.65,9719.52,3317.13,3905.0,5,4
712,SO-000712,20271028,16,5,1,4,10,95438.46,37735.7,26279.64,11456.06,5413.69,11,8
713,SO-000713,20260730,44,3,1,4,10,40361.17,13709.95,10855.06,2854.89,365.94,7,8
714,SO-000714,20271126,58,3,1,7,13,64955.36,13185.0,8014.72,5170.28,2495.35,8,6
715,SO-000715,20241013,56,5,1,3,2,89697.84,30424.17,20440.55,9983.62,761.2,11,10
716,SO-000716,20261020,95,2,1,6,18,19712.73,7213.32,5183.41,2029.91,964.41,6,4
717,SO-000717,20251122,41,2,1,4,2,96512.91,37981.06,30130.94,7850.12,158.46,6,8
718,SO-000718,20240527,36,6,2,9,2,40848.03,8721.2,6373.19,2348.01,2136.84,6,5
719,SO-000719,20271207,89,3,1,6,5,73678.24,21858.01,13198.14,8659.87,6683.93,4,3
720,SO-000720,20270605,100,16,5,4,6,1929.34,655.59,511.97,143.62,158.35,9,4
721,SO-000721,20250219,82,6,2,5,14,83617.54,14147.02,10801.17,3345.85,954.74,5,6
722,SO-000722,20251020,13,9,3,1,7,34065.64,13652.45,10206.38,3446.07,1369.47,4,4
723,SO-000723,20241210,32,15,5,6,12,76540.67,25099.64,16743.99,8355.65,924.19,9,5
724,SO-000724,20241119,53,8,2,3,1,55564.07,15646.75,12284.81,3361.94,226.14,8,4
725,SO-000725,20271121,96,3,1,9,16,88022.88,15335.06,9223.19,6111.87,8152.12,11,7
726,SO-000726,20241223,24,3,1,9,20,69389.65,14700.06,10701.13,3998.93,3629.68,10,9
727,SO-000727,20251213,24,3,1,9,14,69321.52,22798.57,16949.36,5849.21,4242.82,6,4
728,SO-000728,20270110,84,7,2,5,17,954.72,210.7,131.37,79.33,50.62,7,4
729,SO-000729,20241101,9,1,1,9,16,22317.98,8505.37,6224.79,2280.58,616.93,5,6
730,SO-000730,20250305,63,9,3,6,14,50002.73,9896.93,7764.48,2132.45,270.15,10,8
731,SO-000731,20270105,52,13,4,6,6,25512.49,8547.85,6650.36,1897.49,1156.09,2,4
732,SO-000732,20270428,97,8,2,5,19,16225.54,2575.31,1810.39,764.92,114.97,11,6
733,SO-000733,20250411,63,9,3,6,4,32934.25,6903.86,5076.9,1826.96,1072.62,7,4
734,SO-000734,20270413,75,12,3,5,16,24093.28,6596.23,4221.53,2374.7,2147.59,9,4
735,SO-000735,20260203,93,3,1,1,5,5906.77,1658.38,1066.72,591.66,359.98,9,5
736,SO-000736,20240306,42,2,1,6,19,46045.15,9588.74,6440.93,3147.81,1241.81,8,8
737,SO-000737,20250326,96,3,1,9,10,6435.35,1228.83,946.6,282.23,295.11,8,5
738,SO-000738,20240626,51,14,4,10,14,60561.78,23429.18,17047.07,6382.11,3703.52,6,5
739,SO-000739,20240130,34,12,3,4,14,85768.89,25453.12,20340.42,5112.7,5073.92,12,10
740,SO-000740,20260505,28,2,1,4,2,73749.8,16519.68,10993.17,5526.51,4273.56,3,5
741,SO-000741,20271127,38,15,5,7,4,4485.84,1306.26,984.56,321.7,15.08,14,9
742,SO-000742,20240928,32,15,5,6,12,45517.92,10111.96,7196.66,2915.3,56.55,10,9
743,SO-000743,20271211,84,7,2,5,15,29931.15,10305.06,6370.03,3935.03,1436.05,7,7
744,SO-000744,20250113,83,14,4,4,12,85863.25,32128.83,19434.17,12694.66,3905.41,9,5
745,SO-000745,20261223,5,3,1,10,2,62867.69,22705.96,13629.77,9076.19,3943.72,12,9
746,SO-000746,20270624,98,16,5,4,11,30010.7,11280.01,8342.82,2937.19,1838.16,5,6
747,SO-000747,20260223,17,11,3,2,12,73708.2,12268.25,9680.44,2587.81,4972.75,2,3
748,SO-000748,20241010,15,11,3,5,11,46802.61,7594.3,5113.14,2481.16,3033.62,5,4
749,SO-000749,20251018,20,12,3,10,12,24243.95,4462.52,3104.57,1357.95,2276.87,7,6
750,SO-000750,20260715,48,9,3,3,16,89844.34,27049.42,18517.65,8531.77,489.29,11,8
751,SO-000751,20270625,4,4,1,9,12,50394.28,20100.66,13950.52,6150.14,2680.49,12,7
752,SO-000752,20260726,19,4,1,6,3,80090.43,34727.98,26454.36,8273.62,7535.52,5,4
753,SO-000753,20250719,65,14,4,3,4,8476.96,3555.1,2338.1,1217.0,810.93,4,4
754,SO-000754,20260503,71,12,3,3,18,69859.67,20880.96,16182.72,4698.24,3637.51,5,3
755,SO-000755,20250122,93,3,1,1,3,93206.29,27232.22,18627.55,8604.67,6875.91,5,3
756,SO-000756,20270331,9,1,1,9,11,2692.64,1051.74,806.67,245.07,139.92,12,8
757,SO-000757,20250914,49,8,2,9,19,65748.17,25381.9,17697.01,7684.89,4377.88,15,10
758,SO-000758,20250813,13,9,3,1,2,13629.45,5271.93,3344.24,1927.69,354.38,13,10
759,SO-000759,20250108,52,13,4,6,6,15259.66,3590.82,2841.21,749.61,944.01,7,5
760,SO-000760,20240325,31,13,4,5,11,84013.5,30064.88,22045.71,8019.17,1289.48,5,6
761,SO-000761,20251205,17,11,3,2,5,57665.25,16276.97,10969.61,5307.36,1183.03,6,3
762,SO-000762,20261019,68,6,2,9,5,37605.04,11731.27,7420.26,4311.01,1134.02,7,3
763,SO-000763,20260828,18,3,1,7,10,94805.01,40609.1,25632.9,14976.2,9197.51,10,8
764,SO-000764,20271112,59,13,4,10,4,96975.75,36486.98,29146.28,7340.7,6467.19,13,10
765,SO-000765,20260402,5,3,1,10,20,73298.23,30789.09,19332.0,11457.09,4038.44,5,7
766,SO-000766,20250723,7,1,1,2,7,84167.25,23885.98,14773.39,9112.59,463.2,7,6
767,SO-000767,20250202,90,1,1,10,16,2743.59,854.69,588.96,265.73,184.25,8,4
768,SO-000768,20241029,15,11,3,5,14,32116.9,10647.5,8397.47,2250.03,2917.65,12,8
769,SO-000769,20250317,65,14,4,3,15,37278.18,9761.27,6412.47,3348.8,1309.79,9,10
770,SO-000770,20241012,33,6,2,6,19,74282.0,20404.0,14048.17,6355.83,1216.67,13,9
771,SO-000771,20270424,80,5,1,3,13,59994.6,11584.46,7653.23,3931.23,5929.76,7,8
772,SO-000772,20250212,67,9,3,9,6,9300.6,2537.56,1986.61,550.95,385.52,10,10
773,SO-000773,20261008,27,7,2,2,18,83312.23,19731.58,13774.95,5956.63,6854.92,9,7
774,SO-000774,20240911,66,15,5,1,10,74115.67,16109.49,12214.92,3894.57,1141.56,12,7
775,SO-000775,20261006,95,2,1,6,3,42007.1,12499.88,9219.52,3280.36,1028.12,6,4
776,SO-000776,20271122,65,14,4,3,4,60089.69,15534.86,10813.77,4721.09,2620.32,12,7
777,SO-000777,20251016,39,9,3,9,15,37633.62,13920.19,8400.96,5519.23,976.73,3,3
778,SO-000778,20240409,64,4,1,5,10,87892.57,16756.65,10601.29,6155.36,2396.57,12,9
779,SO-000779,20270511,8,7,2,4,6,29520.58,10086.71,6207.01,3879.7,572.15,4,5
780,SO-000780,20271104,91,8,2,10,12,54599.38,22480.36,17205.67,5274.69,3739.88,9,7
781,SO-000781,20260920,2,9,3,4,14,10035.42,3251.62,2486.39,765.23,12.94,10,7
782,SO-000782,20270218,76,8,2,1,20,34361.15,14542.89,9023.62,5519.27,531.07,7,6
783,SO-000783,20260801,35,9,3,2,3,69120.46,30119.14,23168.06,6951.08,4925.16,8,4
784,SO-000784,20260624,64,4,1,5,20,12098.28,2291.05,1382.59,908.46,421.27,8,8
785,SO-000785,20240920,22,15,5,9,5,52550.55,23176.55,14704.16,8472.39,1601.13,5,4
786,SO-000786,20240608,88,8,2,4,1,68960.69,16704.24,10723.59,5980.65,6765.8,8,9
787,SO-000787,20240831,97,8,2,5,9,77581.88,29263.9,17807.18,11456.72,836.47,8,3
788,SO-000788,20270418,15,11,3,5,7,4806.51,1155.94,695.94,460.0,46.38,5,4
789,SO-000789,20251222,64,4,1,5,6,18885.79,4824.57,2982.34,1842.23,1597.48,10,7
790,SO-000790,20270330,13,9,3,1,1,85586.24,32885.71,23762.93,9122.78,4321.33,3,4
791,SO-000791,20250314,87,15,5,2,17,53119.45,19374.97,15361.5,4013.47,912.45,2,3
792,SO-000792,20251227,82,6,2,5,13,85204.03,24914.91,18427.73,6487.18,1577.35,4,4
793,SO-000793,20260812,67,9,3,9,4,42697.14,12991.69,8854.04,4137.65,3251.0,7,8
794,SO-000794,20251102,28,2,1,4,16,52212.89,15598.33,10485.98,5112.35,1505.15,2,3
795,SO-000795,20270208,41,2,1,4,14,12014.4,2824.39,2033.78,790.61,374.86,11,10
796,SO-000796,20250102,34,12,3,4,1,29413.64,11959.87,7627.49,4332.38,204.75,13,10
797,SO-000797,20241020,4,4,1,9,13,99872.97,29711.66,18451.96,11259.7,4375.02,3,4
798,SO-000798,20260114,74,1,1,2,7,40362.12,13205.16,8191.75,5013.41,3734.67,4,5
799,SO-000799,20250724,31,13,4,5,19,34193.85,11232.28,8964.85,2267.43,419.77,14,9
800,SO-000800,20270927,86,15,5,9,20,59568.17,22450.7,17066.95,5383.75,5618.62,13,8
801,SO-000801,20240907,31,13,4,5,9,95038.81,42411.73,29785.03,12626.7,1400.63,9,10
802,SO-000802,20261017,42,2,1,6,1,49189.47,10784.62,8503.46,2281.16,146.21,2,3
803,SO-000803,20270915,49,8,2,9,17,97221.22,25743.2,18942.9,6800.3,1484.92,3,4
804,SO-000804,20270115,22,15,5,9,11,76873.42,29813.01,19091.84,10721.17,5089.74,12,10
805,SO-000805,20260224,8,7,2,4,15,81043.42,25298.41,15268.45,10029.96,6191.43,8,9
806,SO-000806,20261003,38,15,5,7,14,31798.64,8359.89,5784.47,2575.42,104.49,7,7
807,SO-000807,20260901,32,15,5,6,18,13881.58,5062.85,3531.29,1531.56,151.84,15,10
808,SO-000808,20250805,43,13,4,5,11,85507.97,25823.88,17515.74,8308.14,4230.0,12,9
809,SO-000809,20260218,64,4,1,5,4,6611.69,2162.94,1353.22,809.72,242.26,6,3
810,SO-000810,20250425,82,6,2,5,10,43100.74,19291.19,13164.04,6127.15,243.3,7,6
811,SO-000811,20240210,24,3,1,9,18,59456.9,25157.21,15423.89,9733.32,1812.91,8,8
812,SO-000812,20240211,60,15,5,9,16,32948.63,9498.19,7339.0,2159.19,1871.64,11,9
813,SO-000813,20240723,63,9,3,6,7,59004.93,26300.23,17767.06,8533.17,2302.97,9,4
814,SO-000814,20260611,74,1,1,2,7,33928.76,10206.81,7685.53,2521.28,1152.02,10,7
815,SO-000815,20250627,71,12,3,3,2,49946.7,20188.47,15291.35,4897.12,4197.42,8,6
816,SO-000816,20270427,71,12,3,3,11,30083.37,9688.54,7372.21,2316.33,1878.92,3,4
817,SO-000817,20270827,84,7,2,5,10,27699.81,8861.96,6258.43,2603.53,1183.08,7,8
818,SO-000818,20250529,27,7,2,2,20,50711.63,12169.41,8916.42,3252.99,1589.06,13,9
819,SO-000819,20250312,88,8,2,4,15,51779.24,18198.75,12912.24,5286.51,4561.22,10,5
820,SO-000820,20261205,49,8,2,9,7,27159.63,9271.7,7063.06,2208.64,2316.1,7,9
821,SO-000821,20260420,53,8,2,3,11,36745.33,7140.47,4499.17,2641.3,2518.18,11,7
822,SO-000822,20270816,32,15,5,6,6,86088.5,36444.82,26487.57,9957.25,7282.8,9,7
823,SO-000823,20250517,33,6,2,6,10,26016.44,8595.04,5854.71,2740.33,295.44,4,6
824,SO-000824,20241122,64,4,1,5,9,46683.89,14843.03,10200.52,4642.51,3020.08,4,3
825,SO-000825,20260922,95,2,1,6,1,14074.85,3202.3,2436.01,766.29,927.07,3,5
826,SO-000826,20260114,47,15,5,3,3,6005.06,2515.83,1667.44,848.39,178.94,8,4
827,SO-000827,20261013,50,9,3,10,3,39991.06,16074.13,12353.77,3720.36,943.95,6,4
828,SO-000828,20260516,61,9,3,9,7,24188.65,4515.61,3437.9,1077.71,796.5,10,9
829,SO-000829,20261001,77,8,2,10,18,14855.65,3008.96,2389.07,619.89,652.87,5,7
830,SO-000830,20241023,73,11,3,8,12,37783.15,16421.06,10892.06,5529.0,1601.18,8,6
831,SO-000831,20271115,41,2,1,4,8,47784.57,12439.36,8230.31,4209.05,3084.0,1,3
832,SO-000832,20260625,58,3,1,7,13,25671.8,6813.48,4958.78,1854.7,1798.61,5,4
833,SO-000833,20250427,65,14,4,3,10,1282.68,562.1,441.53,120.57,117.74,6,7
834,SO-000834,20250715,59,13,4,10,3,21433.46,8939.34,7001.1,1938.24,1353.21,7,9
835,SO-000835,20240724,86,15,5,9,6,82408.18,35612.58,24722.9,10889.68,3403.14,12,8
836,SO-000836,20271124,2,9,3,4,1,69998.98,21132.72,14166.77,6965.95,4214.75,13,8
837,SO-000837,20260331,66,15,5,1,7,76316.56,26131.69,16639.3,9492.39,3383.91,3,5
838,SO-000838,20251016,25,10,3,10,15,63015.48,15383.12,9482.87,5900.25,994.53,9,5
839,SO-000839,20250210,31,13,4,5,3,48097.37,17822.56,11622.73,6199.83,3306.53,10,8
840,SO-000840,20240217,4,4,1,9,18,41742.39,8539.11,6620.18,1918.93,3943.64,4,6
841,SO-000841,20271207,29,10,3,2,6,64887.12,21931.08,17136.27,4794.81,6320.83,8,6
842,SO-000842,20270307,60,15,5,9,4,5453.4,1829.08,1317.08,512.0,81.39,8,8
843,SO-000843,20250404,17,11,3,2,7,1904.43,586.09,442.31,143.78,176.79,9,10
844,SO-000844,20240923,30,8,2,2,14,19459.14,7950.64,6014.06,1936.58,560.35,14,10
845,SO-000845,20250104,80,5,1,3,14,85705.6,28284.98,22600.87,5684.11,2425.19,10,6
846,SO-000846,20260127,85,13,4,6,19,79350.12,12587.46,10009.87,2577.59,1868.58,11,10
847,SO-000847,20271107,14,6,2,7,7,68584.58,19714.58,11869.44,7845.14,913.58,12,8
848,SO-000848,20240416,79,16,5,2,11,71476.93,25912.96,19362.7,6550.26,1831.42,2,4
849,SO-000849,20250603,6,14,4,1,17,93140.93,27130.06,18200.48,8929.58,5647.83,1,3
850,SO-000850,20250617,7,1,1,2,6,62155.96,14964.18,10159.77,4804.41,2305.37,3,3
851,SO-000851,20241017,94,8,2,2,9,50622.8,21722.15,16847.25,4874.9,667.81,12,8
852,SO-000852,20260530,40,8,2,6,10,12125.78,1979.52,1238.34,741.18,1056.98,10,7
853,SO-000853,20241203,25,10,3,10,11,90327.87,20681.91,15840.64,4841.27,8370.84,12,8
854,SO-000854,20250121,57,14,4,10,5,73818.49,21952.32,17342.56,4609.76,4101.91,8,10
855,SO-000855,20240825,68,6,2,9,16,5929.43,1215.19,843.4,371.79,96.98,14,10
856,SO-000856,20241030,58,3,1,7,4,4558.77,1171.4,868.95,302.45,221.19,9,10
857,SO-000857,20270410,57,14,4,10,1,35285.63,7449.51,4893.01,2556.5,2946.19,8,7
858,SO-000858,20251104,69,4,1,5,1,52838.53,16973.66,11597.83,5375.83,405.99,9,10
859,SO-000859,20241110,36,6,2,9,1,28785.98,12792.5,7987.61,4804.89,1075.32,7,4
860,SO-000860,20251105,36,6,2,9,2,8565.79,3419.55,2502.8,916.75,388.93,5,7
861,SO-000861,20240409,49,8,2,9,10,65789.19,28635.98,19042.44,9593.54,4812.78,6,5
862,SO-000862,20260327,30,8,2,2,9,32655.5,5442.38,3342.41,2099.97,3108.48,8,9
863,SO-000863,20260306,61,9,3,9,13,18212.07,8004.47,6188.28,1816.19,162.43,6,6
864,SO-000864,20250927,50,9,3,10,20,28851.12,10841.32,7922.98,2918.34,347.95,14,10
865,SO-000865,20260305,53,8,2,3,16,13563.02,4742.39,3634.62,1107.77,695.31,15,10
866,SO-000866,20260608,27,7,2,2,14,27213.7,8983.3,5552.08,3431.22,1149.88,8,8
867,SO-000867,20261215,38,15,5,7,17,9748.27,2963.5,2354.96,608.54,659.41,10,5
868,SO-000868,20240918,79,16,5,2,10,8855.03,2572.08,1583.98,988.1,709.77,7,7
869,SO-000869,20261117,91,8,2,10,4,84233.03,25853.44,17039.91,8813.53,402.03,2,4
870,SO-000870,20250605,94,8,2,2,19,51309.83,14054.06,9738.5,4315.56,3695.9,10,7
871,SO-000871,20260315,96,3,1,9,2,8636.07,2599.75,1619.09,980.66,571.34,5,5
872,SO-000872,20270701,36,6,2,9,9,8787.41,3629.43,2393.72,1235.71,516.0,15,10
873,SO-000873,20271011,76,8,2,1,4,34462.77,14661.62,11172.17,3489.45,727.4,6,4
874,SO-000874,20271117,61,9,3,9,13,43662.99,6784.12,4606.33,2177.79,58.09,15,10
875,SO-000875,20250911,46,16,5,7,3,86943.66,38232.7,27541.98,10690.72,4231.74,12,8
876,SO-000876,20250304,26,12,3,10,16,12946.4,1995.85,1242.18,753.67,20.57,4,6
877,SO-000877,20250908,67,9,3,9,15,65038.01,22433.04,15415.04,7018.0,4071.76,5,6
878,SO-000878,20260823,39,9,3,9,1,15242.48,4215.52,2627.5,1588.02,1375.5,15,10
879,SO-000879,20251114,64,4,1,5,1,86049.75,28015.03,17937.12,10077.91,4899.93,7,9
880,SO-000880,20240316,29,10,3,2,16,10715.02,4331.96,2973.27,1358.69,445.41,12,10
881,SO-000881,20240504,66,15,5,1,17,40268.2,12241.8,9119.2,3122.6,3766.21,11,10
882,SO-000882,20240827,44,3,1,4,16,2392.46,772.58,549.03,223.55,64.08,14,9
883,SO-000883,20250128,23,4,1,7,16,62458.32,21476.54,14811.62,6664.92,2724.62,7,5
884,SO-000884,20240925,35,9,3,2,10,34712.82,7624.01,4909.41,2714.6,3155.64,13,8
885,SO-000885,20241127,51,14,4,10,20,72438.0,19349.01,13222.58,6126.43,6817.84,13,8
886,SO-000886,20241116,1,4,1,1,20,21117.25,7543.28,4656.0,2887.28,1019.73,6,5
887,SO-000887,20270214,100,16,5,4,2,49472.48,19197.54,15139.39,4058.15,2442.58,7,6
888,SO-000888,20240510,29,10,3,2,11,99926.49,25744.66,16789.68,8954.98,6764.3,3,5
889,SO-000889,20251228,84,7,2,5,2,43346.74,14532.81,9070.47,5462.34,971.38,10,7
890,SO-000890,20260615,39,9,3,9,15,77124.44,24456.68,19058.2,5398.48,6581.86,2,4
891,SO-000891,20261104,56,5,1,3,4,96283.39,36272.77,28834.38,7438.39,7526.01,2,4
892,SO-000892,20261102,71,12,3,3,16,17121.11,3174.56,2035.14,1139.42,619.17,12,7
893,SO-000893,20250217,28,2,1,4,15,73388.91,13194.47,9624.29,3570.18,2455.65,4,5
894,SO-000894,20250810,74,1,1,2,17,96978.85,36926.23,22204.39,14721.84,8095.92,13,10
895,SO-000895,20261220,22,15,5,9,14,17540.55,4030.9,2995.12,1035.78,727.95,6,6
896,SO-000896,20240301,41,2,1,4,15,78827.97,15087.54,10346.5,4741.04,7236.57,13,10
897,SO-000897,20251006,28,2,1,4,13,14985.64,2292.57,1745.22,547.35,1414.11,7,4
898,SO-000898,20270717,39,9,3,9,17,98203.52,19571.71,11983.63,7588.08,7455.54,3,5
899,SO-000899,20251205,87,15,5,2,1,97279.78,26828.95,20850.29,5978.66,6817.27,10,7
900,SO-000900,20270811,69,4,1,5,7,82786.85,34775.66,25110.82,9664.84,1215.82,14,9
901,SO-000901,20250208,1,4,1,1,10,88814.19,29957.73,21678.54,8279.19,3926.86,12,8
902,SO-000902,20250313,32,15,5,6,3,8885.95,2765.57,1875.05,890.52,638.79,7,5
903,SO-000903,20270110,81,16,5,9,19,51411.32,12527.69,8370.27,4157.42,3268.14,1,3
904,SO-000904,20260202,40,8,2,6,9,26239.67,10487.17,6929.8,3557.37,1109.27,2,4
905,SO-000905,20250902,43,13,4,5,19,62885.46,16120.18,9826.0,6294.18,4093.61,9,4
906,SO-000906,20250904,48,9,3,3,10,73817.44,21107.67,16814.16,4293.51,5945.16,9,6
907,SO-000907,20240803,70,7,2,3,11,66858.78,26377.38,18848.04,7529.34,935.83,10,9
908,SO-000908,20260423,100,16,5,4,3,51886.96,10780.38,8146.84,2633.54,2357.27,9,5
909,SO-000909,20271018,82,6,2,5,17,9678.74,2685.52,1681.17,1004.35,207.88,7,4
910,SO-000910,20260620,79,16,5,2,16,40573.99,12889.97,9741.79,3148.18,3538.11,14,10
911,SO-000911,20240921,10,7,2,9,17,73305.84,20164.73,12755.57,7409.16,3707.71,15,10
912,SO-000912,20240831,44,3,1,4,20,86395.53,16019.24,10292.82,5726.42,4089.58,8,5
913,SO-000913,20260130,62,1,1,2,10,85305.62,15619.53,10526.27,5093.26,2470.37,4,5
914,SO-000914,20240409,30,8,2,2,10,99106.5,23882.49,16650.52,7231.97,7841.34,9,5
915,SO-000915,20240518,41,2,1,4,2,88961.19,19097.69,14587.29,4510.4,4348.37,7,4
916,SO-000916,20270525,67,9,3,9,5,42048.73,13536.23,9653.4,3882.83,3785.59,14,9
917,SO-000917,20251028,72,1,1,10,3,76314.15,23003.31,15922.6,7080.71,3433.6,10,10
918,SO-000918,20270112,88,8,2,4,2,80081.26,27976.44,19077.85,8898.59,1864.47,12,9
919,SO-000919,20270317,76,8,2,1,10,95828.91,39961.9,29858.83,10103.07,6189.75,3,5
920,SO-000920,20260901,16,5,1,4,17,56323.91,10540.15,7503.22,3036.93,1083.82,4,3
921,SO-000921,20250225,99,5,1,10,8,89738.0,16698.89,13145.97,3552.92,1612.98,5,3
922,SO-000922,20270421,45,11,3,4,2,83054.21,33360.82,23883.36,9477.46,703.04,12,8
923,SO-000923,20260221,18,3,1,7,9,49401.57,21250.31,14195.02,7055.29,891.74,6,3
924,SO-000924,20240702,67,9,3,9,5,9557.0,4242.69,3005.33,1237.36,272.71,7,5
925,SO-000925,20240225,94,8,2,2,2,31026.02,8444.75,5352.61,3092.14,1906.47,8,8
926,SO-000926,20240904,30,8,2,2,2,30153.42,5416.26,3404.08,2012.18,2692.73,11,7
927,SO-000927,20250705,41,2,1,4,2,20654.67,7758.72,5564.6,2194.12,1018.23,8,9
928,SO-000928,20250705,70,7,2,3,18,32174.48,10165.09,6232.13,3932.96,93.0,4,6
929,SO-000929,20270309,76,8,2,1,14,96365.73,33971.74,22056.6,11915.14,5345.48,7,5
930,SO-000930,20270111,69,4,1,5,6,44875.23,18124.36,12688.62,5435.74,3513.2,8,5
931,SO-000931,20240103,91,8,2,10,15,78311.35,24375.24,16690.96,7684.28,7138.02,8,10
932,SO-000932,20250713,100,16,5,4,20,96130.89,32321.03,23614.12,8706.91,1609.05,8,3
933,SO-000933,20240403,32,15,5,6,6,25463.45,9014.04,7209.87,1804.17,2145.14,8,6
934,SO-000934,20270213,37,8,2,3,9,74048.7,23615.94,15589.54,8026.4,2927.18,4,4
935,SO-000935,20271220,81,16,5,9,15,87888.79,18742.73,13137.98,5604.75,7049.18,10,8
936,SO-000936,20271117,14,6,2,7,5,27664.81,9646.25,6408.27,3237.98,582.69,6,8
937,SO-000937,20270212,56,5,1,3,16,64821.11,9762.98,6788.26,2974.72,5843.27,9,5
938,SO-000938,20271007,73,11,3,8,15,76365.29,23783.16,18014.82,5768.34,4956.85,2,4
939,SO-000939,20241228,76,8,2,1,1,67388.47,17244.6,13149.98,4094.62,5576.17,12,8
940,SO-000940,20271025,26,12,3,10,12,12914.0,3372.42,2153.62,1218.8,12.09,5,3
941,SO-000941,20261008,67,9,3,9,12,19555.41,7722.12,5598.9,2123.22,1580.89,7,6
942,SO-000942,20270731,99,5,1,10,13,4161.21,1239.42,918.17,321.25,252.18,4,3
943,SO-000943,20240513,78,3,1,2,19,11539.18,2690.99,1883.87,807.12,196.72,6,6
944,SO-000944,20250127,21,9,3,1,1,13260.52,2247.85,1465.43,782.42,755.72,8,6
945,SO-000945,20260524,6,14,4,1,2,99199.16,35502.96,25085.98,10416.98,2508.96,8,10
946,SO-000946,20261011,76,8,2,1,12,85459.05,21099.82,16222.98,4876.84,3477.12,9,4
947,SO-000947,20251009,76,8,2,1,1,51967.06,8472.68,6305.74,2166.94,244.06,14,9
948,SO-000948,20240601,29,10,3,2,8,39489.96,9888.75,7673.86,2214.89,3189.5,10,6
949,SO-000949,20260603,75,12,3,5,1,20089.24,4997.55,3061.34,1936.21,1256.17,8,3
950,SO-000950,20250503,45,11,3,4,11,59456.81,20089.81,13397.1,6692.71,1488.85,9,4
951,SO-000951,20240714,38,15,5,7,15,83335.49,33041.7,23259.21,9782.49,1972.91,9,4
952,SO-000952,20240918,53,8,2,3,2,58103.98,10206.57,6247.82,3958.75,193.74,7,8
953,SO-000953,20271019,66,15,5,1,2,91952.02,25983.39,17156.68,8826.71,5757.9,3,4
954,SO-000954,20270512,26,12,3,10,20,56146.18,13389.46,9055.17,4334.29,538.05,10,9
955,SO-000955,20270826,98,16,5,4,1,1555.35,412.44,313.06,99.38,136.86,7,4
956,SO-000956,20270319,65,14,4,3,5,45680.64,11349.73,7246.76,4102.97,469.09,5,4
957,SO-000957,20250512,26,12,3,10,5,63917.69,14502.02,9922.3,4579.72,4631.62,10,10
958,SO-000958,20270410,96,3,1,9,18,79804.05,13418.84,8887.75,4531.09,3478.24,10,8
959,SO-000959,20261126,67,9,3,9,19,77661.82,15083.69,9981.4,5102.29,2663.03,6,8
960,SO-000960,20251205,64,4,1,5,7,65938.84,12751.26,8256.15,4495.11,5401.6,7,3
961,SO-000961,20271123,56,5,1,3,15,97662.82,33416.94,21395.27,12021.67,668.05,11,6
962,SO-000962,20251104,48,9,3,3,6,60176.35,15004.59,10738.52,4266.07,5795.37,11,7
963,SO-000963,20271120,11,14,4,4,8,10932.37,4513.23,3529.84,983.39,542.17,4,3
964,SO-000964,20250224,9,1,1,9,13,46920.41,10038.23,6988.11,3050.12,3605.12,12,8
965,SO-000965,20241018,55,2,1,2,10,18832.33,8417.36,5661.21,2756.15,138.85,2,3
966,SO-000966,20250209,87,15,5,2,10,44320.61,15042.43,11771.33,3271.1,1595.14,4,3
967,SO-000967,20250205,21,9,3,1,1,17827.59,7409.41,5510.88,1898.53,605.81,6,6
968,SO-000968,20270903,97,8,2,5,4,18019.7,4118.16,2554.24,1563.92,1498.24,9,5
969,SO-000969,20261215,57,14,4,10,20,34169.14,7280.46,5032.55,2247.91,1263.03,8,8
970,SO-000970,20250127,24,3,1,9,18,88225.55,36482.71,22366.66,14116.05,1274.26,6,5
971,SO-000971,20270615,30,8,2,2,19,38130.46,10000.73,7199.62,2801.11,3725.28,4,6
972,SO-000972,20240915,55,2,1,2,17,19315.67,6000.23,4547.68,1452.55,632.94,5,3
973,SO-000973,20241208,24,3,1,9,17,96854.24,40267.18,25845.39,14421.79,788.47,9,10
974,SO-000974,20251021,9,1,1,9,12,39117.53,16223.08,12171.0,4052.08,1464.04,10,10
975,SO-000975,20250228,76,8,2,1,8,52784.83,15570.95,12318.96,3251.99,2500.72,7,9
976,SO-000976,20270316,10,7,2,9,6,89541.02,25575.07,16543.92,9031.15,1957.31,13,9
977,SO-000977,20260629,78,3,1,2,17,93582.14,24540.25,17426.29,7113.96,1257.09,6,4
978,SO-000978,20260815,84,7,2,5,14,35481.71,11538.25,7996.59,3541.66,2203.86,14,9
979,SO-000979,20250423,17,11,3,2,9,41190.8,16120.07,10694.12,5425.95,1575.02,10,5
980,SO-000980,20250411,61,9,3,9,4,64712.81,16678.3,10281.9,6396.4,5452.72,6,4
981,SO-000981,20250911,82,6,2,5,9,12299.49,3174.14,2251.12,923.02,410.51,10,8
982,SO-000982,20250905,24,3,1,9,10,19468.92,6448.31,4046.79,2401.52,1664.59,5,7
983,SO-000983,20270901,49,8,2,9,17,82319.73,31688.03,21572.01,10116.02,3340.19,8,3
984,SO-000984,20250423,26,12,3,10,17,98932.83,43079.97,33304.83,9775.14,2251.5,11,6
985,SO-000985,20251003,84,7,2,5,7,58906.86,18601.88,12905.01,5696.87,4797.36,7,8
986,SO-000986,20241011,56,5,1,3,19,43164.9,18672.23,12763.17,5909.06,1893.56,6,3
987,SO-000987,20250406,7,1,1,2,14,87438.15,21131.32,15796.95,5334.37,4370.16,11,8
988,SO-000988,20270417,52,13,4,6,1,42859.08,16105.92,12120.81,3985.11,2959.5,10,7
989,SO-000989,20260219,38,15,5,7,7,56973.95,9096.61,5711.1,3385.51,5567.74,12,8
990,SO-000990,20270801,38,15,5,7,10,94894.92,16047.94,10869.06,5178.88,4505.4,13,8
991,SO-000991,20250117,68,6,2,9,7,9777.53,1772.61,1259.58,513.03,31.35,8,10
992,SO-000992,20240427,78,3,1,2,12,7414.36,3254.15,2137.21,1116.94,172.78,9,4
993,SO-000993,20240921,51,14,4,10,18,52093.9,10499.41,8104.93,2394.48,2140.34,4,5
994,SO-000994,20250225,76,8,2,1,10,42132.11,15712.87,10650.16,5062.71,3807.0,6,6
995,SO-000995,20261026,12,15,5,10,15,43503.97,15787.66,10971.73,4815.93,2626.38,8,7
996,SO-000996,20261212,41,2,1,4,11,27906.38,4248.27,2670.2,1578.07,178.52,10,9
997,SO-000997,20270816,94,8,2,2,15,91075.1,37684.31,26079.08,11605.23,5247.13,6,4
998,SO-000998,20250525,97,8,2,5,6,35004.79,14099.64,10694.14,3405.5,1369.0,9,5
999,SO-000999,20260316,72,1,1,10,2,90046.48,33314.78,23039.36,10275.42,8201.73,4,5
1000,SO-001000,20271130,33,6,2,6,7,24349.68,10011.66,6555.19,3456.47,1529.36,6,7
1001,SO-001001,20240803,95,2,1,6,17,90919.28,24855.83,18700.83,6155.0,1102.22,7,8
1002,SO-001002,20240224,78,3,1,2,3,76770.64,19024.07,13130.17,5893.9,1940.51,8,3
1003,SO-001003,20260323,82,6,2,5,2,64067.23,22595.65,15644.79,6950.86,2201.72,10,9
1004,SO-001004,20260802,94,8,2,2,3,1568.37,289.21,226.58,62.63,51.3,15,10
1005,SO-001005,20241126,51,14,4,10,6,8713.59,3024.55,2246.38,778.17,381.41,12,10
1006,SO-001006,20240607,35,9,3,2,1,83930.34,27872.98,17711.81,10161.17,1042.01,9,9
1007,SO-001007,20260624,98,16,5,4,2,67899.62,13311.65,8940.34,4371.31,1471.2,4,3
1008,SO-001008,20271114,12,15,5,10,10,83731.86,32944.6,23990.34,8954.26,5998.64,8,4
1009,SO-001009,20260206,20,12,3,10,8,44676.68,14719.25,8974.81,5744.44,1686.08,7,6
1010,SO-001010,20250327,32,15,5,6,4,20398.58,3157.94,1912.41,1245.53,29.7,5,6
1011,SO-001011,20251031,11,14,4,4,11,79793.95,31848.57,20178.51,11670.06,1332.94,8,9
1012,SO-001012,20250420,25,10,3,10,7,56424.38,11672.19,7486.82,4185.37,3056.52,8,9
1013,SO-001013,20250311,14,6,2,7,15,11035.59,2725.9,1643.71,1082.19,721.72,7,3
1014,SO-001014,20250323,16,5,1,4,14,22399.57,7781.35,5102.17,2679.18,1397.53,2,3
1015,SO-001015,20240713,86,15,5,9,20,30502.66,10055.53,8010.44,2045.09,310.56,7,5
1016,SO-001016,20241225,50,9,3,10,11,32773.25,11118.72,7535.3,3583.42,3030.06,8,5
1017,SO-001017,20261112,18,3,1,7,8,97813.14,34225.91,20997.69,13228.22,172.63,14,10
1018,SO-001018,20250429,61,9,3,9,14,50590.29,18282.76,11018.26,7264.5,107.32,6,4
1019,SO-001019,20241106,69,4,1,5,13,75845.95,25478.92,15592.71,9886.21,2840.61,8,7
1020,SO-001020,20241001,77,8,2,10,9,20836.34,3362.4,2638.41,723.99,1246.17,13,10
1021,SO-001021,20240218,30,8,2,2,8,32095.1,12391.64,7533.14,4858.5,2541.23,11,9
1022,SO-001022,20270530,3,8,2,3,13,84770.02,21140.04,13708.25,7431.79,4571.75,7,6
1023,SO-001023,20250129,3,8,2,3,2,52386.46,10742.56,7798.63,2943.93,338.5,9,10
1024,SO-001024,20261105,41,2,1,4,3,63619.51,12244.19,7846.62,4397.57,583.77,7,6
1025,SO-001025,20270525,21,9,3,1,8,42910.86,12449.4,7878.38,4571.02,847.65,9,9
1026,SO-001026,20260106,55,2,1,2,13,30658.52,9900.45,7856.45,2044.0,617.47,9,10
1027,SO-001027,20260914,30,8,2,2,1,38082.89,11090.27,7591.73,3498.54,2320.75,9,9
1028,SO-001028,20270206,10,7,2,9,6,76311.97,21231.45,13092.3,8139.15,6917.35,7,7
1029,SO-001029,20251113,91,8,2,10,5,26100.53,7545.54,5211.86,2333.68,979.15,9,10
1030,SO-001030,20260408,41,2,1,4,14,71628.91,14950.01,11709.24,3240.77,29.94,13,8
1031,SO-001031,20240320,78,3,1,2,4,94058.36,41493.64,27992.81,13500.83,4604.64,8,4
1032,SO-001032,20261109,67,9,3,9,16,38790.19,12400.55,7922.04,4478.51,1692.41,10,7
1033,SO-001033,20250511,39,9,3,9,16,63680.48,16585.85,10142.93,6442.92,2453.82,10,9
1034,SO-001034,20270524,29,10,3,2,15,3933.5,1549.55,1125.27,424.28,266.07,7,5
1035,SO-001035,20240827,65,14,4,3,3,94454.39,18344.01,11914.12,6429.89,5462.69,3,5
1036,SO-001036,20260516,77,8,2,10,6,64617.54,27466.65,18664.51,8802.14,3787.62,5,4
1037,SO-001037,20260422,60,15,5,9,3,83060.08,18760.06,12389.97,6370.09,8037.59,11,9
1038,SO-001038,20260326,74,1,1,2,10,11372.77,3659.57,2779.47,880.1,926.0,8,7
1039,SO-001039,20270902,93,3,1,1,10,1138.82,228.36,159.47,68.89,11.03,13,9
1040,SO-001040,20250107,41,2,1,4,17,73437.7,14774.95,9972.06,4802.89,5170.36,11,6
1041,SO-001041,20250127,62,1,1,2,9,94874.09,27057.92,20641.79,6416.13,1761.22,3,3
1042,SO-001042,20240612,100,16,5,4,10,98303.24,40450.28,27835.7,12614.58,8974.8,4,4
1043,SO-001043,20260920,90,1,1,10,4,9027.85,1691.86,1036.86,655.0,26.78,11,6
1044,SO-001044,20250308,78,3,1,2,17,1445.9,332.3,262.86,69.44,96.2,2,3
1045,SO-001045,20260827,2,9,3,4,11,79282.76,20827.56,14662.91,6164.65,7627.46,12,7
1046,SO-001046,20260109,96,3,1,9,13,60634.97,15217.26,11205.56,4011.7,2080.25,9,8
1047,SO-001047,20260724,38,15,5,7,13,38154.35,6378.36,4281.19,2097.17,1260.07,2,4
1048,SO-001048,20260124,52,13,4,6,15,72659.41,30254.74,18993.1,11261.64,4373.44,8,7
1049,SO-001049,20270730,10,7,2,9,11,62025.99,21564.13,14987.93,6576.2,2562.46,4,6
1050,SO-001050,20250423,23,4,1,7,20,2154.72,556.05,338.72,217.33,174.01,13,8
1051,SO-001051,20260227,49,8,2,9,10,48711.35,18109.0,13740.97,4368.03,1696.78,9,10
1052,SO-001052,20261016,24,3,1,9,3,60913.79,22147.19,17141.3,5005.89,5337.47,3,3
1053,SO-001053,20240824,16,5,1,4,16,30484.16,10727.94,7614.15,3113.79,2666.71,10,5
1054,SO-001054,20260609,67,9,3,9,1,66432.89,14766.07,9484.66,5281.41,5004.07,3,4
1055,SO-001055,20270925,22,15,5,9,16,16443.41,7049.13,5502.06,1547.07,1260.07,8,6
1056,SO-001056,20271117,58,3,1,7,11,95174.64,33423.47,24502.59,8920.88,8782.11,9,10
1057,SO-001057,20260220,30,8,2,2,18,87258.09,37480.32,28232.71,9247.61,5241.41,12,8
1058,SO-001058,20240816,46,16,5,7,3,96641.68,27164.88,17566.81,9598.07,2503.93,6,7
1059,SO-001059,20251003,47,15,5,3,13,34353.67,11256.33,7177.39,4078.94,3236.14,8,8
1060,SO-001060,20251016,99,5,1,10,12,57903.23,8714.64,5336.64,3378.0,3101.31,13,9
1061,SO-001061,20260320,5,3,1,10,1,79853.05,34350.99,21478.35,12872.64,5300.19,5,6
1062,SO-001062,20271024,87,15,5,2,15,54060.15,15579.1,9798.32,5780.78,5097.28,11,6
1063,SO-001063,20250924,8,7,2,4,17,15168.82,3564.94,2671.61,893.33,1288.03,6,3
1064,SO-001064,20261010,22,15,5,9,10,99038.34,18524.05,14807.56,3716.49,6997.28,11,10
1065,SO-001065,20271205,48,9,3,3,2,70561.98,18558.69,14776.96,3781.73,2350.73,7,6
1066,SO-001066,20240214,40,8,2,6,18,92354.21,35354.26,27270.71,8083.55,6717.8,7,7
1067,SO-001067,20240527,97,8,2,5,17,39532.41,10939.85,7599.74,3340.11,1376.94,13,9
1068,SO-001068,20240925,5,3,1,10,11,72812.08,17089.67,13408.77,3680.9,5104.92,8,9
1069,SO-001069,20270902,41,2,1,4,6,75350.51,24422.24,18585.68,5836.56,6403.36,12,7
1070,SO-001070,20250204,53,8,2,3,1,57927.16,16368.2,11400.26,4967.94,5197.33,7,6
1071,SO-001071,20260524,39,9,3,9,6,36541.46,14866.61,9223.09,5643.52,2870.33,9,5
1072,SO-001072,20261121,54,16,5,2,11,92635.54,16564.56,13166.04,3398.52,1664.04,2,3
1073,SO-001073,20250508,74,1,1,2,13,59542.54,26253.38,19044.06,7209.32,2405.48,2,3
1074,SO-001074,20260807,3,8,2,3,13,49118.28,17505.52,13845.31,3660.21,3206.43,8,9
1075,SO-001075,20260928,41,2,1,4,17,27884.0,9646.71,6496.72,3149.99,334.61,3,4
1076,SO-001076,20260225,49,8,2,9,16,22881.04,7460.48,5949.51,1510.97,1097.14,4,4
1077,SO-001077,20270105,91,8,2,10,6,99995.44,36080.46,23801.29,12279.17,1252.31,7,8
1078,SO-001078,20261128,29,10,3,2,19,40830.39,14708.03,9983.21,4724.82,3337.73,9,10
1079,SO-001079,20250105,25,10,3,10,20,54128.69,21415.92,15640.91,5775.01,4078.64,5,6
1080,SO-001080,20270323,17,11,3,2,7,69673.98,10562.38,7282.2,3280.18,2189.83,3,3
1081,SO-001081,20261102,73,11,3,8,10,65437.73,11539.7,7516.41,4023.29,4927.91,3,4
1082,SO-001082,20250907,85,13,4,6,2,36674.18,11491.05,7866.89,3624.16,3466.55,4,3
1083,SO-001083,20270327,19,4,1,6,16,94648.35,28946.58,21899.84,7046.74,6238.82,10,10
1084,SO-001084,20270919,73,11,3,8,2,69662.6,21372.48,17038.22,4334.26,2452.94,5,6
1085,SO-001085,20270426,91,8,2,10,12,24091.49,4973.02,3281.9,1691.12,2005.92,6,5
1086,SO-001086,20270823,87,15,5,2,6,28100.87,10361.67,7091.56,3270.11,1545.12,11,7
1087,SO-001087,20240524,9,1,1,9,9,40305.91,7052.58,4590.07,2462.51,1714.39,6,5
1088,SO-001088,20241110,50,9,3,10,11,99538.25,35738.3,22819.82,12918.48,3704.24,9,5
1089,SO-001089,20240912,49,8,2,9,18,99248.67,27798.38,16823.08,10975.3,5990.72,6,4
1090,SO-001090,20250713,66,15,5,1,5,11444.02,3599.27,2207.04,1392.23,732.62,11,8
1091,SO-001091,20240803,73,11,3,8,4,86951.11,18931.83,11396.44,7535.39,3279.41,10,6
1092,SO-001092,20261219,27,7,2,2,12,17985.27,6627.54,4382.86,2244.68,1477.21,9,10
1093,SO-001093,20251013,52,13,4,6,13,70195.33,28753.38,20423.77,8329.61,4264.13,3,3
1094,SO-001094,20270428,86,15,5,9,5,18476.91,7239.72,5325.27,1914.45,1457.36,14,9
1095,SO-001095,20270308,59,13,4,10,9,26276.57,9354.39,6946.99,2407.4,1727.85,9,5
1096,SO-001096,20271218,97,8,2,5,15,5760.03,2117.54,1683.23,434.31,407.52,10,6
1097,SO-001097,20261202,51,14,4,10,8,18718.9,8346.27,6340.61,2005.66,940.12,11,7
1098,SO-001098,20270723,55,2,1,2,3,30866.15,12574.14,9927.17,2646.97,1254.75,7,8
1099,SO-001099,20270208,38,15,5,7,16,8130.97,1805.16,1116.9,688.26,467.79,6,4
1100,SO-001100,20261016,16,5,1,4,17,80930.52,12399.24,9791.42,2607.82,5479.26,10,5
1101,SO-001101,20240115,15,11,3,5,14,68669.63,24242.59,17126.95,7115.64,856.25,4,3
1102,SO-001102,20241211,2,9,3,4,17,70407.88,26395.94,17126.88,9269.06,5203.02,8,3
1103,SO-001103,20260515,45,11,3,4,16,90427.96,18306.62,12327.86,5978.76,1205.57,6,8
1104,SO-001104,20250817,36,6,2,9,10,38219.93,10013.05,6234.59,3778.46,3493.47,5,6
1105,SO-001105,20250916,85,13,4,6,17,48570.91,11143.39,6691.01,4452.38,3065.68,10,9
1106,SO-001106,20251229,66,15,5,1,1,82659.88,13277.55,9196.18,4081.37,5106.3,8,10
1107,SO-001107,20251227,6,14,4,1,1,61745.26,15347.74,10294.93,5052.81,31.83,9,5
1108,SO-001108,20240910,71,12,3,3,16,10583.11,3149.68,1943.19,1206.49,544.31,9,5
1109,SO-001109,20260116,55,2,1,2,14,1187.59,452.27,293.99,158.28,55.9,10,8
1110,SO-001110,20241013,16,5,1,4,12,89273.24,27757.57,18150.57,9607.0,8832.42,10,10
1111,SO-001111,20250806,42,2,1,6,2,74835.56,11355.78,8820.21,2535.57,5307.48,5,4
1112,SO-001112,20270924,63,9,3,6,9,13801.19,3813.5,2540.72,1272.78,43.62,11,6
1113,SO-001113,20260329,66,15,5,1,17,12319.83,3655.54,2555.64,1099.9,839.89,8,5
1114,SO-001114,20240915,2,9,3,4,5,72736.46,27099.27,20734.41,6364.86,955.89,2,4
1115,SO-001115,20270507,13,9,3,1,1,34739.99,5353.25,3944.74,1408.51,180.79,12,8
1116,SO-001116,20261113,84,7,2,5,6,43715.69,10353.62,7218.4,3135.22,3326.33,6,6
1117,SO-001117,20250210,39,9,3,9,16,25321.95,9622.8,7436.82,2185.98,2517.65,10,6
1118,SO-001118,20270425,67,9,3,9,5,70792.86,27820.58,20593.6,7226.98,3556.17,6,5
1119,SO-001119,20240206,34,12,3,4,20,23323.73,4424.25,2688.5,1735.75,2309.98,9,5
1120,SO-001120,20251119,66,15,5,1,14,20364.53,8335.3,5635.25,2700.05,1069.08,7,6
1121,SO-001121,20250728,85,13,4,6,12,48179.93,14596.55,10637.6,3958.95,1466.07,10,7
1122,SO-001122,20270914,12,15,5,10,11,71302.77,15978.28,12447.42,3530.86,1295.94,1,3
1123,SO-001123,20261003,42,2,1,6,12,21591.77,6296.54,4921.98,1374.56,217.56,7,5
1124,SO-001124,20260108,26,12,3,10,12,33761.07,6193.76,4544.92,1648.84,2305.75,8,5
1125,SO-001125,20270411,100,16,5,4,13,74421.74,24311.6,17527.27,6784.33,1773.11,8,7
1126,SO-001126,20250130,32,15,5,6,15,9179.5,1669.84,1212.16,457.68,552.45,4,3
1127,SO-001127,20261228,18,3,1,7,5,92587.31,15967.97,11326.33,4641.64,3174.8,11,10
1128,SO-001128,20260707,38,15,5,7,4,4859.21,1008.34,716.02,292.32,122.71,11,8
1129,SO-001129,20270512,70,7,2,3,9,91129.49,15520.5,10612.93,4907.57,8487.18,3,3
1130,SO-001130,20261010,95,2,1,6,18,69822.27,13174.08,8024.19,5149.89,3953.16,10,6
1131,SO-001131,20260331,91,8,2,10,20,87090.44,38447.08,24340.99,14106.09,6538.12,13,9
1132,SO-001132,20261028,88,8,2,4,17,27513.67,5646.35,3568.5,2077.85,599.27,8,3
1133,SO-001133,20250403,42,2,1,6,2,26254.04,10652.38,7022.82,3629.56,704.96,4,4
1134,SO-001134,20250707,50,9,3,10,2,53589.8,12730.42,9266.77,3463.65,5048.41,7,7
1135,SO-001135,20270719,3,8,2,3,20,64420.11,14475.35,11069.04,3406.31,3443.87,6,3
1136,SO-001136,20260416,56,5,1,3,20,97235.75,24053.07,18984.74,5068.33,8595.51,7,7
1137,SO-001137,20250726,67,9,3,9,6,29842.09,13296.99,9642.86,3654.13,31.06,9,8
1138,SO-001138,20270901,38,15,5,7,9,25970.73,4017.45,2938.62,1078.83,2254.21,8,4
1139,SO-001139,20250704,53,8,2,3,7,87067.57,29628.37,21041.34,8587.03,7112.09,9,6
1140,SO-001140,20260124,84,7,2,5,5,58375.55,22901.89,17189.69,5712.2,908.57,10,6
1141,SO-001141,20270312,37,8,2,3,16,90265.73,16076.99,10229.83,5847.16,1670.17,6,5
1142,SO-001142,20271108,28,2,1,4,20,94363.83,19261.73,12643.57,6618.16,2926.79,9,5
1143,SO-001143,20261214,7,1,1,2,5,19190.88,3704.93,2538.91,1166.02,873.23,8,9
1144,SO-001144,20240128,79,16,5,2,2,72813.08,28571.69,20590.44,7981.25,2751.43,2,3
1145,SO-001145,20240805,56,5,1,3,18,13651.82,5201.83,3399.56,1802.27,1281.36,1,3
1146,SO-001146,20241130,95,2,1,6,10,73745.09,18548.14,13753.28,4794.86,1492.02,15,10
1147,SO-001147,20240401,71,12,3,3,4,33509.75,6579.77,4021.39,2558.38,2319.01,2,4
1148,SO-001148,20240219,94,8,2,2,8,54691.89,9886.64,7684.8,2201.84,2271.27,4,3
1149,SO-001149,20261004,16,5,1,4,6,42999.98,8351.15,6105.3,2245.85,971.3,8,9
1150,SO-001150,20240830,82,6,2,5,12,99081.42,21536.01,17041.3,4494.71,2792.26,7,4
1151,SO-001151,20261222,40,8,2,6,11,92370.3,39346.25,30655.34,8690.91,5583.84,9,5
1152,SO-001152,20251214,16,5,1,4,4,60161.34,21286.89,13411.68,7875.21,4014.41,9,7
1153,SO-001153,20241031,14,6,2,7,5,27473.78,8235.96,5549.58,2686.38,729.16,2,4
1154,SO-001154,20240819,36,6,2,9,19,32365.47,8647.4,6435.99,2211.41,2542.46,9,10
1155,SO-001155,20260227,86,15,5,9,12,43031.59,15836.16,9959.89,5876.27,1390.15,5,5
1156,SO-001156,20270901,33,6,2,6,8,32271.92,8944.15,6606.9,2337.25,1335.88,8,8
1157,SO-001157,20240620,87,15,5,2,19,38626.93,12159.83,8606.11,3553.72,1902.77,10,6
1158,SO-001158,20250426,29,10,3,2,12,71634.64,22069.47,16669.48,5399.99,5811.66,5,6
1159,SO-001159,20240502,77,8,2,10,12,785.18,351.9,212.35,139.55,43.84,4,5
1160,SO-001160,20270203,92,8,2,1,14,36405.42,14736.87,11137.09,3599.78,507.31,10,10
1161,SO-001161,20240223,88,8,2,4,14,24628.49,9810.67,5996.02,3814.65,339.38,9,5
1162,SO-001162,20241027,87,15,5,2,12,37482.58,13509.49,9896.37,3613.12,276.51,3,5
1163,SO-001163,20250108,15,11,3,5,16,14557.11,3253.71,1960.35,1293.36,1209.79,9,9
1164,SO-001164,20260628,31,13,4,5,1,74484.01,27889.21,20630.01,7259.2,2230.85,12,9
1165,SO-001165,20240123,16,5,1,4,13,29033.52,5712.82,4434.47,1278.35,93.25,5,5
1166,SO-001166,20271223,75,12,3,5,8,83351.67,29504.08,22871.42,6632.66,4618.98,9,7
1167,SO-001167,20260331,58,3,1,7,20,42655.19,8404.79,6678.65,1726.14,2224.47,6,5
1168,SO-001168,20260904,89,3,1,6,11,6071.68,1625.31,1242.55,382.76,592.59,9,4
1169,SO-001169,20250202,57,14,4,10,9,65443.65,17769.91,12014.13,5755.78,357.79,12,8
1170,SO-001170,20250731,92,8,2,1,6,11285.89,1956.33,1409.81,546.52,955.47,4,3
1171,SO-001171,20270203,1,4,1,1,7,54386.01,9223.64,6635.69,2587.95,4114.42,8,7
1172,SO-001172,20240403,5,3,1,10,2,64019.7,10224.59,6685.18,3539.41,6252.57,8,3
1173,SO-001173,20261021,77,8,2,10,7,31800.74,13771.4,8286.19,5485.21,1134.17,11,7
1174,SO-001174,20260414,16,5,1,4,17,31790.01,8494.05,5700.93,2793.12,411.73,7,4
1175,SO-001175,20270415,69,4,1,5,2,10549.79,4138.14,2607.18,1530.96,619.46,14,9
1176,SO-001176,20250317,9,1,1,9,5,29366.88,5740.09,3975.71,1764.38,2599.57,5,4
1177,SO-001177,20240925,48,9,3,3,11,76998.16,15269.82,12104.9,3164.92,3975.42,13,8
1178,SO-001178,20250303,9,1,1,9,20,29438.74,9922.07,7818.87,2103.2,117.79,10,9
1179,SO-001179,20241019,23,4,1,7,10,60884.27,26631.07,18998.08,7632.99,6054.36,2,4
1180,SO-001180,20251004,32,15,5,6,6,54940.04,24211.2,18310.67,5900.53,478.9,9,4
1181,SO-001181,20250101,100,16,5,4,15,93438.57,18542.11,12164.06,6378.05,3394.89,3,4
1182,SO-001182,20270310,77,8,2,10,16,26165.44,7639.74,4975.04,2664.7,2293.81,4,5
1183,SO-001183,20260121,71,12,3,3,17,4439.47,1809.98,1231.13,578.85,380.46,10,5
1184,SO-001184,20271029,89,3,1,6,2,84561.15,36835.98,24854.58,11981.4,5768.77,12,10
1185,SO-001185,20240803,27,7,2,2,10,62251.07,21362.08,15983.29,5378.79,1524.01,3,3
1186,SO-001186,20251215,35,9,3,2,15,37894.26,12165.58,9376.81,2788.77,845.24,9,10
1187,SO-001187,20260323,68,6,2,9,14,47114.63,14630.73,11172.87,3457.86,514.11,4,5
1188,SO-001188,20271209,9,1,1,9,16,20347.36,5058.68,3356.22,1702.46,2027.49,11,10
1189,SO-001189,20251017,97,8,2,5,19,11875.48,3400.82,2411.24,989.58,1126.43,6,5
1190,SO-001190,20260827,54,16,5,2,7,3616.66,1194.67,807.66,387.01,338.69,12,8
1191,SO-001191,20270725,13,9,3,1,6,5880.71,2413.48,1907.93,505.55,402.05,9,7
1192,SO-001192,20261210,64,4,1,5,7,8817.33,1505.8,1025.47,480.33,263.05,14,10
1193,SO-001193,20250831,23,4,1,7,6,67129.62,15294.42,11717.21,3577.21,620.55,12,9
1194,SO-001194,20251227,51,14,4,10,19,20261.23,8764.65,6103.05,2661.6,1085.0,9,5
1195,SO-001195,20251025,1,4,1,1,11,39219.23,5999.74,4539.49,1460.25,2341.89,4,4
1196,SO-001196,20271012,42,2,1,6,14,1911.58,800.86,630.09,170.77,95.47,7,8
1197,SO-001197,20270801,39,9,3,9,19,26648.87,9771.76,7794.42,1977.34,2513.85,10,5
1198,SO-001198,20250318,67,9,3,9,12,10195.88,2198.1,1749.26,448.84,428.41,9,5
1199,SO-001199,20240203,90,1,1,10,10,21371.43,4431.32,3261.12,1170.2,2041.19,11,8
1200,SO-001200,20260420,34,12,3,4,12,89717.16,26971.27,20863.67,6107.6,6274.07,14,10
1201,SO-001201,20260728,8,7,2,4,14,35545.02,11116.35,7832.96,3283.39,2719.48,4,4
1202,SO-001202,20270722,59,13,4,10,10,37625.59,11883.14,7516.46,4366.68,1640.01,11,7
1203,SO-001203,20240702,28,2,1,4,1,70358.22,30350.46,23709.07,6641.39,698.13,3,4
1204,SO-001204,20261027,57,14,4,10,19,61817.91,16900.02,11817.86,5082.16,4647.02,9,4
1205,SO-001205,20240822,60,15,5,9,7,80684.13,28264.7,21773.46,6491.24,1709.46,14,10
1206,SO-001206,20270813,89,3,1,6,13,85706.09,37296.33,24993.12,12303.21,6802.93,14,10
1207,SO-001207,20260429,9,1,1,9,8,1256.71,329.75,212.62,117.13,35.64,9,7
1208,SO-001208,20251117,71,12,3,3,6,913.68,386.23,234.26,151.97,2.4,11,8
1209,SO-001209,20240415,41,2,1,4,19,95936.48,42965.03,27857.07,15107.96,9339.32,10,6
1210,SO-001210,20261125,80,5,1,3,6,43195.69,18652.66,12648.04,6004.62,3145.13,12,9
1211,SO-001211,20270206,59,13,4,10,6,44021.46,7918.29,6019.76,1898.53,2219.81,11,9
1212,SO-001212,20270619,79,16,5,2,18,94895.68,20035.21,12394.84,7640.37,4150.94,3,5
1213,SO-001213,20270723,13,9,3,1,12,92099.14,15991.33,10817.83,5173.5,6836.88,10,5
1214,SO-001214,20250617,28,2,1,4,2,19062.24,6590.9,4246.85,2344.05,369.48,10,6
1215,SO-001215,20260729,2,9,3,4,20,27859.0,11993.1,8700.85,3292.25,1778.48,3,4
1216,SO-001216,20260110,23,4,1,7,7,12707.09,2446.76,1596.26,850.5,229.53,9,4
1217,SO-001217,20271108,30,8,2,2,14,39384.62,11709.48,7077.11,4632.37,289.78,5,4
1218,SO-001218,20240121,35,9,3,2,6,37837.81,9235.28,7218.85,2016.43,3059.37,7,5
1219,SO-001219,20260918,8,7,2,4,20,66136.81,22444.45,17303.81,5140.64,775.17,11,8
1220,SO-001220,20270526,55,2,1,2,1,60199.29,9120.46,6423.99,2696.47,1532.08,5,4
1221,SO-001221,20250320,64,4,1,5,1,53827.44,16438.82,12365.15,4073.67,1164.32,7,8
1222,SO-001222,20260913,26,12,3,10,7,33090.2,7145.11,5327.03,1818.08,3109.98,9,7
1223,SO-001223,20261115,97,8,2,5,13,95346.32,24271.93,17240.34,7031.59,2806.24,14,10
1224,SO-001224,20240729,41,2,1,4,19,92273.64,20764.15,13280.24,7483.91,7806.68,11,7
1225,SO-001225,20260702,23,4,1,7,14,79418.75,25912.25,16405.84,9506.41,1634.69,14,10
1226,SO-001226,20250213,57,14,4,10,19,59834.81,13851.89,9194.19,4657.7,643.58,13,9
1227,SO-001227,20270416,73,11,3,8,14,35615.09,14935.84,11409.02,3526.82,1600.55,5,3
1228,SO-001228,20240302,65,14,4,3,4,29700.62,11821.02,8617.76,3203.26,2866.54,12,8
1229,SO-001229,20270907,73,11,3,8,12,18400.47,4541.32,3443.13,1098.19,658.27,5,4
1230,SO-001230,20250313,74,1,1,2,15,37510.45,14398.55,8991.33,5407.22,1195.04,6,3
1231,SO-001231,20261215,92,8,2,1,7,56963.19,14039.62,9077.03,4962.59,377.3,8,7
1232,SO-001232,20271029,61,9,3,9,14,10740.56,2507.0,1809.0,698.0,948.78,8,4
1233,SO-001233,20250716,69,4,1,5,14,32119.44,7902.55,5053.09,2849.46,2578.31,8,10
1234,SO-001234,20250806,36,6,2,9,1,12366.27,3534.72,2546.01,988.71,731.06,4,6
1235,SO-001235,20260404,55,2,1,2,2,64544.83,26258.83,20943.81,5315.02,5884.19,7,7
1236,SO-001236,20240713,6,14,4,1,14,89635.04,38131.67,23177.35,14954.32,5779.45,9,4
1237,SO-001237,20270608,40,8,2,6,2,72463.74,16840.72,12642.98,4197.74,2901.04,13,8
1238,SO-001238,20270619,85,13,4,6,4,39636.09,14226.86,9829.57,4397.29,3363.81,7,4
1239,SO-001239,20250408,1,4,1,1,6,3414.17,561.12,337.84,223.28,35.9,12,8
1240,SO-001240,20250615,51,14,4,10,2,9257.66,3399.71,2592.13,807.58,755.56,1,3
1241,SO-001241,20271201,42,2,1,6,6,11524.96,5003.49,3077.19,1926.3,379.55,11,9
1242,SO-001242,20270728,45,11,3,4,15,92523.41,30073.44,18765.23,11308.21,2954.57,9,5
1243,SO-001243,20251021,7,1,1,2,16,66989.41,20534.2,13308.31,7225.89,3201.6,12,10
1244,SO-001244,20271124,51,14,4,10,3,22970.14,5263.46,3469.92,1793.54,190.18,7,6
1245,SO-001245,20250119,55,2,1,2,16,7976.87,2380.15,1529.23,850.92,534.85,14,10
1246,SO-001246,20271222,71,12,3,3,15,10901.2,2317.58,1664.26,653.32,575.2,10,8
1247,SO-001247,20260715,44,3,1,4,20,65701.29,26565.8,16500.87,10064.93,854.51,12,8
1248,SO-001248,20270328,58,3,1,7,4,51589.67,19810.76,12631.16,7179.6,1433.36,7,5
1249,SO-001249,20250630,24,3,1,9,1,15155.33,6257.01,4686.53,1570.48,364.58,10,10
1250,SO-001250,20260602,81,16,5,9,7,47885.92,14809.47,9928.14,4881.33,566.62,7,4
1251,SO-001251,20240719,43,13,4,5,2,15486.69,4656.18,3266.71,1389.47,82.32,10,7
1252,SO-001252,20270501,69,4,1,5,9,65037.86,24038.02,16454.45,7583.57,1912.15,9,9
1253,SO-001253,20250325,8,7,2,4,4,53191.49,15855.58,10888.23,4967.35,3623.19,5,6
1254,SO-001254,20250408,99,5,1,10,20,5787.21,930.04,607.54,322.5,38.11,6,4
1255,SO-001255,20250225,17,11,3,2,6,70101.47,19023.28,12908.76,6114.52,1541.45,12,7
1256,SO-001256,20250114,36,6,2,9,17,78679.9,20007.51,13156.91,6850.6,4691.79,2,3
1257,SO-001257,20251007,76,8,2,1,3,90824.35,30574.7,22864.32,7710.38,7743.36,6,6
1258,SO-001258,20251115,52,13,4,6,1,17081.22,4264.27,2946.8,1317.47,1643.63,14,10
1259,SO-001259,20260828,20,12,3,10,19,18162.75,4161.99,2561.27,1600.72,1233.62,6,3
1260,SO-001260,20250412,74,1,1,2,17,600.14,247.24,171.71,75.53,2.71,5,3
1261,SO-001261,20261001,20,12,3,10,12,50563.07,19036.88,14373.82,4663.06,505.59,13,8
1262,SO-001262,20250908,56,5,1,3,11,98984.42,22489.44,15681.86,6807.58,3605.9,6,3
1263,SO-001263,20250706,78,3,1,2,17,89191.56,34103.1,26306.83,7796.27,8046.57,9,10
1264,SO-001264,20261016,49,8,2,9,1,72957.45,11397.28,9069.13,2328.15,6247.09,8,5
1265,SO-001265,20260212,1,4,1,1,4,24814.6,9238.57,7341.5,1897.07,891.89,5,4
1266,SO-001266,20250627,81,16,5,9,12,96562.58,39894.17,29352.55,10541.62,8683.11,10,10
1267,SO-001267,20240325,76,8,2,1,19,88855.49,23751.77,16233.36,7518.41,8831.74,8,7
1268,SO-001268,20250813,3,8,2,3,4,52247.73,13217.75,9549.47,3668.28,2264.73,13,10
1269,SO-001269,20270701,57,14,4,10,18,96962.25,29057.46,21418.41,7639.05,4521.52,7,5
1270,SO-001270,20240324,26,12,3,10,7,66599.87,16056.81,10559.79,5497.02,5326.56,8,3
1271,SO-001271,20270914,36,6,2,9,1,28660.22,9398.3,5738.97,3659.33,876.49,12,9
1272,SO-001272,20271231,27,7,2,2,9,5465.25,1045.59,811.11,234.48,429.17,4,5
1273,SO-001273,20240306,4,4,1,9,16,14693.1,5435.21,3730.78,1704.43,1349.21,8,7
1274,SO-001274,20250619,2,9,3,4,10,93327.01,20962.98,15422.47,5540.51,3604.67,8,9
1275,SO-001275,20250527,2,9,3,4,5,59905.36,12100.32,8314.9,3785.42,5247.3,6,5
1276,SO-001276,20260208,39,9,3,9,14,41923.07,8797.85,5815.37,2982.48,1246.52,10,10
1277,SO-001277,20251226,50,9,3,10,14,10056.21,3097.03,2288.17,808.86,506.65,13,8
1278,SO-001278,20240630,89,3,1,6,5,46921.98,20572.19,14241.24,6330.95,4281.9,7,3
1279,SO-001279,20240419,6,14,4,1,13,61713.25,14855.43,9634.18,5221.25,3160.99,7,5
1280,SO-001280,20240622,47,15,5,3,2,13030.62,4574.06,3167.82,1406.24,994.23,8,10
1281,SO-001281,20271115,81,16,5,9,11,27382.4,12208.5,7586.48,4622.02,1627.44,12,7
1282,SO-001282,20261123,37,8,2,3,5,86499.26,16126.3,11561.32,4564.98,4418.56,4,3
1283,SO-001283,20270710,14,6,2,7,10,56423.9,24836.87,15579.69,9257.18,5050.23,7,5
1284,SO-001284,20240517,73,11,3,8,1,72054.63,31052.62,23634.87,7417.75,4493.79,5,6
1285,SO-001285,20240220,14,6,2,7,17,15725.7,6509.96,4582.78,1927.18,388.75,9,4
1286,SO-001286,20270124,3,8,2,3,9,44659.68,7444.59,4648.12,2796.47,1806.74,6,5
1287,SO-001287,20270726,89,3,1,6,1,82257.8,29151.85,22501.23,6650.62,5076.61,9,9
1288,SO-001288,20260910,57,14,4,10,10,18888.38,7471.58,5465.41,2006.17,322.57,11,6
1289,SO-001289,20260301,7,1,1,2,4,29300.18,5274.21,3785.58,1488.63,1076.31,11,7
1290,SO-001290,20240123,55,2,1,2,19,46664.39,18388.01,11577.7,6810.31,1322.57,8,4
1291,SO-001291,20241012,61,9,3,9,15,30624.78,10520.61,8191.81,2328.8,1898.36,6,3
1292,SO-001292,20271217,24,3,1,9,17,88301.21,25387.04,15278.53,10108.51,1397.94,9,6
1293,SO-001293,20241013,9,1,1,9,9,39367.12,6646.34,4859.7,1786.64,1385.2,13,8
1294,SO-001294,20260824,17,11,3,2,20,78603.61,27317.36,21435.81,5881.55,536.16,14,10
1295,SO-001295,20271130,10,7,2,9,11,66067.7,21327.43,16752.32,4575.11,5122.88,7,7
1296,SO-001296,20240301,2,9,3,4,6,59090.78,19158.26,13734.53,5423.73,4903.86,2,4
1297,SO-001297,20250429,57,14,4,10,4,23554.58,8234.17,5762.99,2471.18,1600.12,9,8
1298,SO-001298,20240506,25,10,3,10,20,90029.53,18203.92,14171.65,4032.27,6804.56,8,9
1299,SO-001299,20241222,76,8,2,1,11,25423.14,4098.86,3074.09,1024.77,1122.5,6,8
1300,SO-001300,20250601,30,8,2,2,16,11212.27,3193.85,2001.4,1192.45,714.67,7,6
1301,SO-001301,20270407,44,3,1,4,1,44032.73,10384.1,6648.3,3735.8,713.72,5,6
1302,SO-001302,20260415,75,12,3,5,19,63097.01,22121.65,14173.52,7948.13,5110.91,6,3
1303,SO-001303,20250228,96,3,1,9,19,54884.79,9417.66,5999.62,3418.04,4006.46,11,10
1304,SO-001304,20260617,21,9,3,1,14,82843.79,24874.27,16698.02,8176.25,7453.92,4,5
1305,SO-001305,20240829,45,11,3,4,16,62734.33,25858.66,18458.7,7399.96,797.93,6,7
1306,SO-001306,20260310,92,8,2,1,12,23442.06,7746.36,5160.5,2585.86,525.15,9,7
1307,SO-001307,20260328,3,8,2,3,20,7261.31,2987.61,2371.04,616.57,54.3,8,6
1308,SO-001308,20240307,10,7,2,9,11,6136.5,2204.57,1371.63,832.94,289.02,5,7
1309,SO-001309,20270920,70,7,2,3,2,42429.87,8916.78,6933.74,1983.04,252.0,9,6
1310,SO-001310,20240524,93,3,1,1,14,23943.91,4115.33,3249.46,865.87,2165.3,6,3
1311,SO-001311,20240326,47,15,5,3,4,60015.69,20029.02,12340.25,7688.77,3309.42,7,5
1312,SO-001312,20240213,54,16,5,2,2,4042.21,1221.88,892.05,329.83,174.43,8,7
1313,SO-001313,20270205,3,8,2,3,16,3122.21,1200.64,767.49,433.15,189.87,7,9
1314,SO-001314,20240824,88,8,2,4,15,5687.97,2159.75,1596.25,563.5,244.42,9,9
1315,SO-001315,20240428,62,1,1,2,8,12240.26,4096.77,3198.39,898.38,430.6,12,8
1316,SO-001316,20250526,93,3,1,1,2,23587.33,7703.27,4971.88,2731.39,1763.1,1,3
1317,SO-001317,20250821,83,14,4,4,5,8122.86,1527.22,971.49,555.73,35.51,9,8
1318,SO-001318,20261010,22,15,5,9,12,60809.32,17854.25,11149.54,6704.71,467.04,8,7
1319,SO-001319,20270831,71,12,3,3,8,89815.2,36611.19,25214.43,11396.76,2718.88,10,8
1320,SO-001320,20260421,27,7,2,2,20,52921.0,12185.62,9011.93,3173.69,2664.28,6,3
1321,SO-001321,20270206,35,9,3,2,7,48877.67,8481.93,6636.35,1845.58,4112.69,8,6
1322,SO-001322,20270824,52,13,4,6,15,12713.43,4671.85,3539.34,1132.51,45.6,11,6
1323,SO-001323,20240622,36,6,2,9,2,95327.97,14908.05,11438.43,3469.62,2576.7,11,9
1324,SO-001324,20240331,49,8,2,9,8,28269.7,9411.67,6579.43,2832.24,2439.03,14,9
1325,SO-001325,20270114,6,14,4,1,12,20970.15,4305.76,2954.69,1351.07,109.59,5,7
1326,SO-001326,20240226,3,8,2,3,11,93753.78,39659.37,29780.05,9879.32,3152.17,8,7
1327,SO-001327,20270207,76,8,2,1,13,72715.74,24465.88,18915.76,5550.12,5690.83,2,3
1328,SO-001328,20270318,15,11,3,5,19,95271.12,40941.98,26918.68,14023.3,9440.33,14,10
1329,SO-001329,20240201,69,4,1,5,9,77016.73,17562.14,13910.29,3651.85,3599.24,6,6
1330,SO-001330,20270315,51,14,4,10,13,80059.1,34848.94,21505.54,13343.4,2000.94,10,7
1331,SO-001331,20250920,39,9,3,9,19,4341.32,1008.41,659.25,349.16,108.76,2,3
1332,SO-001332,20240119,13,9,3,1,15,66247.26,26551.9,20432.18,6119.72,2940.11,8,3
1333,SO-001333,20270401,28,2,1,4,3,4181.87,1077.32,783.8,293.52,232.77,7,9
1334,SO-001334,20250719,77,8,2,10,9,28006.34,9328.87,6183.22,3145.65,179.36,7,5
1335,SO-001335,20240822,30,8,2,2,2,86971.01,16365.05,11882.13,4482.92,1277.62,4,3
1336,SO-001336,20250614,74,1,1,2,9,18833.42,5687.99,3913.69,1774.3,597.65,4,6
1337,SO-001337,20251217,65,14,4,3,4,2103.76,848.82,653.49,195.33,113.7,4,3
1338,SO-001338,20271026,23,4,1,7,14,8209.17,2324.38,1632.2,692.18,194.54,11,8
1339,SO-001339,20260415,81,16,5,9,12,7603.62,2113.37,1387.67,725.7,18.78,11,8
1340,SO-001340,20241103,81,16,5,9,19,47333.16,20923.64,15156.73,5766.91,758.81,5,3
1341,SO-001341,20260214,82,6,2,5,19,3040.76,1011.7,770.52,241.18,155.32,9,8
1342,SO-001342,20250404,94,8,2,2,19,3743.65,1377.21,931.29,445.92,373.55,3,4
1343,SO-001343,20270528,6,14,4,1,16,50597.84,16309.29,11573.83,4735.46,2115.4,2,4
1344,SO-001344,20251104,87,15,5,2,8,66090.18,20230.26,13420.51,6809.75,1288.91,8,7
1345,SO-001345,20260630,47,15,5,3,14,80001.09,35459.88,22913.4,12546.48,2518.57,5,4
1346,SO-001346,20260708,54,16,5,2,14,36507.18,9331.07,6542.28,2788.79,3339.08,11,10
1347,SO-001347,20271012,66,15,5,1,19,23361.45,9305.95,7420.09,1885.86,2162.61,10,6
1348,SO-001348,20260416,88,8,2,4,14,66757.31,22140.98,16808.79,5332.19,2280.24,3,4
1349,SO-001349,20260718,52,13,4,6,1,50750.08,9871.88,6898.87,2973.01,4473.32,6,6
1350,SO-001350,20240915,76,8,2,1,2,17093.71,4710.82,3547.73,1163.09,1216.02,9,10
1351,SO-001351,20251226,66,15,5,1,5,83468.93,13119.6,8309.79,4809.81,609.45,13,9
1352,SO-001352,20240402,32,15,5,6,3,40530.59,12851.53,9540.93,3310.6,482.43,7,8
1353,SO-001353,20250815,35,9,3,2,16,74005.47,18981.46,13093.01,5888.45,3025.9,14,10
1354,SO-001354,20240116,68,6,2,9,19,70161.31,25962.0,19334.98,6627.02,4136.42,4,4
1355,SO-001355,20240717,76,8,2,1,8,59508.3,20957.16,14475.22,6481.94,1906.87,7,5
1356,SO-001356,20251023,94,8,2,2,13,30086.18,7591.8,5411.63,2180.17,2699.64,11,9
1357,SO-001357,20261129,57,14,4,10,9,32198.54,6553.2,4119.6,2433.6,2620.92,10,6
1358,SO-001358,20250714,58,3,1,7,16,57726.21,19317.69,11974.91,7342.78,1643.99,6,4
1359,SO-001359,20270926,24,3,1,9,9,44172.22,18358.18,12074.1,6284.08,4053.65,5,4
1360,SO-001360,20270110,87,15,5,2,18,14529.81,3081.09,2365.53,715.56,1096.8,1,3
1361,SO-001361,20270315,63,9,3,6,14,79999.7,12159.92,9320.59,2839.33,206.22,8,6
1362,SO-001362,20260629,82,6,2,5,14,73342.9,22462.6,17211.01,5251.59,2163.19,3,4
1363,SO-001363,20240610,89,3,1,6,8,49578.93,8728.82,5476.14,3252.68,1380.54,7,4
1364,SO-001364,20240319,35,9,3,2,14,72872.48,18082.19,12683.07,5399.12,2012.07,7,4
1365,SO-001365,20250518,18,3,1,7,5,10493.66,3793.78,2671.81,1121.97,199.8,1,3
1366,SO-001366,20260919,33,6,2,6,6,58841.17,24221.05,15599.37,8621.68,1151.39,10,10
1367,SO-001367,20260608,37,8,2,3,3,73489.29,17253.81,11037.51,6216.3,6436.66,4,6
1368,SO-001368,20270716,80,5,1,3,19,49323.77,16442.83,12200.55,4242.28,191.44,11,7
1369,SO-001369,20250821,88,8,2,4,16,23854.22,6073.55,4288.49,1785.06,2276.49,8,7
1370,SO-001370,20250324,60,15,5,9,4,49277.09,16705.34,12020.64,4684.7,2677.78,6,7
1371,SO-001371,20250521,86,15,5,9,14,96310.44,40358.46,30381.34,9977.12,4041.13,13,10
1372,SO-001372,20260917,77,8,2,10,16,12024.01,3480.0,2309.96,1170.04,136.52,9,9
1373,SO-001373,20240504,81,16,5,9,18,60305.35,21478.75,13011.67,8467.08,1615.72,10,6
1374,SO-001374,20260327,82,6,2,5,9,77293.97,17660.25,11717.99,5942.26,3025.12,14,10
1375,SO-001375,20260705,20,12,3,10,14,91280.69,21039.76,15688.03,5351.73,3102.1,5,3
1376,SO-001376,20240921,7,1,1,2,20,22520.35,9293.85,6572.64,2721.21,1755.58,7,4
1377,SO-001377,20270206,44,3,1,4,3,54206.85,23584.51,14250.32,9334.19,2055.46,11,8
1378,SO-001378,20250414,50,9,3,10,10,65665.69,20067.09,13493.5,6573.59,1303.07,9,5
1379,SO-001379,20240314,12,15,5,10,1,80227.9,33952.14,22622.33,11329.81,1729.83,4,6
1380,SO-001380,20250802,56,5,1,3,10,75634.62,23292.94,16312.04,6980.9,5985.3,3,3
1381,SO-001381,20270904,14,6,2,7,13,2912.31,988.63,729.23,259.4,9.84,8,4
1382,SO-001382,20240211,27,7,2,2,1,13553.72,5044.12,3298.85,1745.27,115.09,8,4
1383,SO-001383,20270525,67,9,3,9,10,74393.87,23248.78,18222.28,5026.5,710.88,10,9
1384,SO-001384,20240723,74,1,1,2,9,78584.79,21810.88,16329.73,5481.15,2374.47,11,10
1385,SO-001385,20270222,65,14,4,3,9,96941.61,31298.6,21136.45,10162.15,4163.98,10,6
1386,SO-001386,20260317,46,16,5,7,12,48593.28,20520.93,14500.93,6020.0,1188.66,8,3
1387,SO-001387,20250420,26,12,3,10,15,76388.69,27834.02,19218.11,8615.91,4414.35,7,3
1388,SO-001388,20270222,55,2,1,2,6,37297.25,11895.81,8666.86,3228.95,1239.89,3,4
1389,SO-001389,20261207,72,1,1,10,19,21164.34,9156.29,6580.46,2575.83,177.55,14,9
1390,SO-001390,20240315,21,9,3,1,11,76177.87,12773.5,8924.63,3848.87,3137.45,8,8
1391,SO-001391,20270122,7,1,1,2,16,69055.26,22761.93,17624.23,5137.7,1851.68,11,6
1392,SO-001392,20260521,80,5,1,3,3,31645.11,10936.63,7265.94,3670.69,2243.22,3,4
1393,SO-001393,20260615,92,8,2,1,4,37880.76,14283.55,9033.18,5250.37,2834.04,6,5
1394,SO-001394,20270125,73,11,3,8,14,4386.66,1216.22,771.26,444.96,352.32,10,10
1395,SO-001395,20270613,59,13,4,10,12,40240.86,9618.58,6608.89,3009.69,1183.98,10,7
1396,SO-001396,20260824,25,10,3,10,15,56599.13,11307.58,7440.83,3866.75,3877.18,10,8
1397,SO-001397,20261209,84,7,2,5,16,21456.4,5343.78,4004.38,1339.4,2137.46,5,5
1398,SO-001398,20271207,7,1,1,2,7,1477.21,406.07,255.85,150.22,9.9,5,3
1399,SO-001399,20240516,29,10,3,2,12,20327.13,3621.37,2504.97,1116.4,192.53,10,10
1400,SO-001400,20250805,26,12,3,10,14,63816.18,26483.9,17717.5,8766.4,90.17,8,6
1401,SO-001401,20240607,70,7,2,3,19,58654.6,14178.29,10277.85,3900.44,2365.35,8,7
1402,SO-001402,20261205,96,3,1,9,19,15665.97,5783.84,3794.18,1989.66,411.92,4,4
1403,SO-001403,20250304,90,1,1,10,6,64660.6,17127.56,12248.45,4879.11,5518.14,12,7
1404,SO-001404,20241203,22,15,5,9,16,765.74,168.12,108.15,59.97,71.18,5,5
1405,SO-001405,20270923,21,9,3,1,16,87524.1,21618.57,16844.99,4773.58,456.78,14,10
1406,SO-001406,20271217,34,12,3,4,16,33045.39,9917.34,6183.06,3734.28,1851.02,13,9
1407,SO-001407,20270721,10,7,2,9,9,35821.67,14385.8,9543.46,4842.34,280.12,6,6
1408,SO-001408,20270216,66,15,5,1,14,71279.09,28651.54,20402.68,8248.86,3493.34,6,7
1409,SO-001409,20250313,44,3,1,4,20,65383.17,13299.18,10283.29,3015.89,5592.7,12,8
1410,SO-001410,20250205,69,4,1,5,15,56199.51,25254.38,19897.46,5356.92,2149.39,3,5
1411,SO-001411,20261026,70,7,2,3,1,36418.64,7592.07,5445.32,2146.75,1196.18,10,8
1412,SO-001412,20250715,96,3,1,9,2,60874.05,9743.41,6381.84,3361.57,2914.25,5,3
1413,SO-001413,20241221,29,10,3,2,16,97128.5,38559.79,29792.72,8767.07,9009.4,15,10
1414,SO-001414,20270609,24,3,1,9,5,75118.63,25860.68,18338.26,7522.42,780.39,6,8
1415,SO-001415,20260627,78,3,1,2,2,70711.14,14359.47,11059.5,3299.97,585.66,2,4
1416,SO-001416,20271008,16,5,1,4,11,31766.54,12940.64,8482.53,4458.11,2708.34,6,3
1417,SO-001417,20270922,1,4,1,1,13,89824.78,18033.59,14377.35,3656.24,6486.57,6,8
1418,SO-001418,20240620,27,7,2,2,6,41929.68,14688.67,8993.82,5694.85,808.99,7,5
1419,SO-001419,20250929,19,4,1,6,9,44618.19,10380.76,6640.95,3739.81,2255.3,3,5
1420,SO-001420,20240629,61,9,3,9,4,56275.66,10428.69,7229.69,3199.0,4705.24,9,4
1421,SO-001421,20240122,79,16,5,2,7,91842.1,18804.7,11607.83,7196.87,2916.0,3,3
1422,SO-001422,20240928,34,12,3,4,10,63975.59,18431.67,14292.65,4139.02,6034.42,8,7
1423,SO-001423,20250407,59,13,4,10,7,5806.86,2100.77,1335.25,765.52,81.54,12,8
1424,SO-001424,20240708,43,13,4,5,16,27643.54,5798.71,4614.94,1183.77,716.95,12,10
1425,SO-001425,20270413,11,14,4,4,13,35837.73,9284.98,7005.28,2279.7,1874.47,3,5
1426,SO-001426,20251201,94,8,2,2,17,15992.57,5127.43,4095.54,1031.89,693.84,8,7
1427,SO-001427,20250322,73,11,3,8,15,55385.32,20655.38,13504.28,7151.1,2842.78,8,6
1428,SO-001428,20260814,42,2,1,6,19,26454.17,11284.71,7937.73,3346.98,1669.56,10,10
1429,SO-001429,20270713,72,1,1,10,12,32637.6,10415.66,7620.73,2794.93,2941.54,7,8
1430,SO-001430,20260103,98,16,5,4,10,86998.25,13255.88,9070.75,4185.13,2911.94,4,4
1431,SO-001431,20260328,46,16,5,7,16,16693.19,5242.22,3933.81,1308.41,732.85,14,10
1432,SO-001432,20240323,26,12,3,10,8,83492.59,18850.33,12717.24,6133.09,2821.03,11,9
1433,SO-001433,20270429,3,8,2,3,1,76435.71,32122.85,22530.71,9592.14,3217.84,11,7
1434,SO-001434,20240923,57,14,4,10,11,16820.58,3362.69,2219.77,1142.92,1003.94,6,6
1435,SO-001435,20260728,49,8,2,9,13,78962.66,13118.86,8108.5,5010.36,6260.66,8,5
1436,SO-001436,20240613,54,16,5,2,6,16951.54,2547.02,1603.34,943.68,1496.74,9,7
1437,SO-001437,20260904,18,3,1,7,6,24000.27,5063.98,3129.71,1934.27,587.36,6,8
1438,SO-001438,20260807,27,7,2,2,8,34798.83,10134.82,7472.98,2661.84,2431.67,14,10
1439,SO-001439,20251031,65,14,4,3,10,76424.09,13660.61,8547.45,5113.16,5831.5,9,5
1440,SO-001440,20260927,81,16,5,9,19,82069.21,30292.7,20748.03,9544.67,3232.3,7,4
1441,SO-001441,20261023,62,1,1,2,1,3176.18,1320.26,839.2,481.06,74.69,11,8
1442,SO-001442,20250119,37,8,2,3,2,61251.37,23000.22,18007.27,4992.95,3954.25,10,5
1443,SO-001443,20250806,48,9,3,3,10,21517.62,6038.28,4033.07,2005.21,1407.35,9,9
1444,SO-001444,20241130,14,6,2,7,13,38988.14,15454.22,9380.18,6074.04,3737.06,9,9
1445,SO-001445,20240126,3,8,2,3,6,68392.81,27375.57,18970.85,8404.72,565.2,8,4
1446,SO-001446,20260515,26,12,3,10,2,32243.06,10395.31,7035.53,3359.78,1466.07,14,10
1447,SO-001447,20260827,71,12,3,3,11,30643.97,6974.41,5069.16,1905.25,1849.78,13,10
1448,SO-001448,20271013,74,1,1,2,3,84494.76,37307.06,23217.47,14089.59,1511.1,13,9
1449,SO-001449,20260609,18,3,1,7,2,15463.53,3883.43,3055.62,827.81,912.58,11,6
1450,SO-001450,20250531,15,11,3,5,14,46743.94,7570.34,5856.26,1714.08,2151.39,6,3
1451,SO-001451,20251231,65,14,4,3,14,34077.44,8139.17,6216.97,1922.2,1849.55,7,5
1452,SO-001452,20261224,86,15,5,9,13,2243.14,554.93,403.54,151.39,133.64,6,8
1453,SO-001453,20250716,77,8,2,10,12,25238.36,4422.12,2736.91,1685.21,1834.29,14,10
1454,SO-001454,20240605,51,14,4,10,11,97199.35,34670.77,22495.09,12175.68,8024.5,8,10
1455,SO-001455,20261115,95,2,1,6,3,37593.14,7294.01,5801.43,1492.58,2397.74,8,4
1456,SO-001456,20270830,81,16,5,9,3,34108.39,11631.72,7681.56,3950.16,1366.86,7,5
1457,SO-001457,20270614,83,14,4,4,17,83766.91,23457.3,14620.59,8836.71,1605.34,9,7
1458,SO-001458,20260613,14,6,2,7,9,54146.18,21015.06,15527.01,5488.05,264.4,11,10
1459,SO-001459,20271020,21,9,3,1,10,74813.54,28690.45,18802.88,9887.57,5023.28,9,9
1460,SO-001460,20250630,89,3,1,6,15,27631.6,7520.07,4540.2,2979.87,1144.85,7,5
1461,SO-001461,20250328,66,15,5,1,3,60108.41,26614.16,17662.01,8952.15,1330.34,6,3
1462,SO-001462,20270113,91,8,2,10,13,61332.93,22598.07,16312.72,6285.35,2825.27,12,9
1463,SO-001463,20260804,5,3,1,10,16,47822.49,15173.94,10145.15,5028.79,1528.61,10,10
1464,SO-001464,20270717,97,8,2,5,16,21458.42,7710.39,5664.03,2046.36,548.68,2,3
1465,SO-001465,20250820,65,14,4,3,11,56351.91,14290.27,9167.35,5122.92,5549.92,10,8
1466,SO-001466,20260430,93,3,1,1,1,45424.17,13182.73,8320.68,4862.05,2657.03,12,8
1467,SO-001467,20260214,42,2,1,6,20,75263.15,17699.36,13253.46,4445.9,7448.65,9,9
1468,SO-001468,20241231,53,8,2,3,6,94907.5,17752.28,12056.46,5695.82,2005.44,6,4
1469,SO-001469,20260506,2,9,3,4,20,76804.03,34201.97,27217.22,6984.75,4224.76,9,8
1470,SO-001470,20250406,4,4,1,9,13,28248.53,10766.92,7817.38,2949.54,1876.37,12,8
1471,SO-001471,20250813,54,16,5,2,1,49735.9,14382.34,11005.76,3376.58,2235.41,9,5
1472,SO-001472,20270403,23,4,1,7,14,53500.24,13386.64,9274.32,4112.32,921.65,8,4
1473,SO-001473,20270512,1,4,1,1,19,97437.62,26609.06,19352.33,7256.73,6030.18,4,5
1474,SO-001474,20260128,67,9,3,9,1,73348.73,31807.44,21152.08,10655.36,1833.28,9,10
1475,SO-001475,20260726,86,15,5,9,12,74425.05,30890.4,22575.42,8314.98,4108.69,6,6
1476,SO-001476,20240928,38,15,5,7,10,72444.48,16067.79,11158.02,4909.77,5163.79,9,6
1477,SO-001477,20241228,44,3,1,4,15,6948.88,1106.73,791.89,314.84,319.09,11,10
1478,SO-001478,20260804,56,5,1,3,3,50271.39,9217.12,6643.71,2573.41,1665.29,6,5
1479,SO-001479,20240524,69,4,1,5,14,1184.89,189.22,139.15,50.07,102.74,14,10
1480,SO-001480,20260911,77,8,2,10,2,95778.69,39748.84,28121.04,11627.8,6855.79,8,3
1481,SO-001481,20261113,73,11,3,8,15,29649.83,7991.19,6108.97,1882.22,2279.36,12,8
1482,SO-001482,20260120,6,14,4,1,14,43144.56,8077.4,5082.27,2995.13,1132.54,4,4
1483,SO-001483,20251106,38,15,5,7,3,65825.43,12676.99,8222.47,4454.52,3176.68,6,7
1484,SO-001484,20271112,36,6,2,9,15,46095.08,16719.83,12548.24,4171.59,3489.31,10,8
1485,SO-001485,20241030,76,8,2,1,17,33400.79,9522.99,6205.03,3317.96,919.52,3,3
1486,SO-001486,20241120,67,9,3,9,19,29198.83,6315.9,4257.99,2057.91,1059.11,9,7
1487,SO-001487,20270529,41,2,1,4,10,63572.51,18600.39,12796.56,5803.83,1874.62,5,5
1488,SO-001488,20270411,21,9,3,1,1,85985.19,19535.12,12611.55,6923.57,7316.64,7,7
1489,SO-001489,20270620,84,7,2,5,6,26312.41,9639.34,7220.75,2418.59,2621.03,14,9
1490,SO-001490,20260920,19,4,1,6,6,97254.13,33373.29,23942.9,9430.39,4873.36,12,8
1491,SO-001491,20250405,11,14,4,4,10,87142.83,25673.65,17889.39,7784.26,3310.32,7,4
1492,SO-001492,20251231,50,9,3,10,16,21039.71,4103.3,2961.47,1141.83,1533.29,5,4
1493,SO-001493,20260114,3,8,2,3,2,46202.51,19581.12,15297.95,4283.17,3880.91,7,6
1494,SO-001494,20260703,44,3,1,4,19,40149.88,7213.01,4803.17,2409.84,269.8,2,4
1495,SO-001495,20271113,14,6,2,7,15,52533.41,11736.37,8913.23,2823.14,959.7,7,6
1496,SO-001496,20240928,72,1,1,10,17,18154.35,8057.14,5262.54,2794.6,503.74,5,6
1497,SO-001497,20240720,40,8,2,6,18,30624.71,6502.23,4218.57,2283.66,2332.62,15,10
1498,SO-001498,20260624,3,8,2,3,3,88223.25,14585.49,11055.85,3529.64,644.51,9,10
1499,SO-001499,20270406,80,5,1,3,14,47865.56,8614.02,6183.79,2430.23,2863.77,5,7
1500,SO-001500,20240102,71,12,3,3,9,86183.34,15810.95,12289.91,3521.04,6699.86,11,6
1501,SO-001501,20270814,37,8,2,3,10,75578.74,24971.69,17443.25,7528.44,1334.21,12,10
1502,SO-001502,20240816,22,15,5,9,6,26787.89,8295.06,5543.0,2752.06,1815.8,12,7
1503,SO-001503,20240514,39,9,3,9,14,49014.25,12045.85,9574.9,2470.95,2306.15,5,5
1504,SO-001504,20240810,5,3,1,10,8,67461.13,12033.07,9294.42,2738.65,2310.08,6,5
1505,SO-001505,20270602,30,8,2,2,7,21715.04,6526.11,4333.36,2192.75,1151.76,6,4
1506,SO-001506,20270603,5,3,1,10,6,57315.34,11255.55,7105.38,4150.17,4392.63,5,5
1507,SO-001507,20250413,20,12,3,10,9,32905.29,10034.14,6971.27,3062.87,1958.62,11,9
1508,SO-001508,20251007,29,10,3,2,15,47462.18,19311.0,12759.23,6551.77,688.14,11,8
1509,SO-001509,20260417,26,12,3,10,12,31147.68,9935.67,7476.98,2458.69,17.67,7,9
1510,SO-001510,20270917,23,4,1,7,9,64756.38,12431.87,8595.12,3836.75,1775.67,7,6
1511,SO-001511,20250316,37,8,2,3,20,29832.29,7817.33,5193.59,2623.74,2359.5,9,8
1512,SO-001512,20270429,67,9,3,9,16,50542.87,20566.96,12779.63,7787.33,1228.89,13,8
1513,SO-001513,20250727,84,7,2,5,20,95228.51,41330.36,31255.9,10074.46,3714.51,11,10
1514,SO-001514,20250805,36,6,2,9,4,58818.38,9869.43,6032.42,3837.01,2015.66,13,8
1515,SO-001515,20241104,76,8,2,1,19,47448.17,19655.64,12084.24,7571.4,4636.53,9,9
1516,SO-001516,20271113,60,15,5,9,1,30236.14,6349.54,3921.48,2428.06,741.47,9,7
1517,SO-001517,20260702,96,3,1,9,7,14476.52,5515.15,4269.53,1245.62,1012.27,11,8
1518,SO-001518,20270521,25,10,3,10,1,18821.93,5467.73,3784.55,1683.18,626.79,9,7
1519,SO-001519,20261115,89,3,1,6,12,14456.86,4953.96,3395.77,1558.19,1165.32,1,3
1520,SO-001520,20250801,54,16,5,2,19,2112.03,593.82,360.1,233.72,106.49,13,8
1521,SO-001521,20261117,87,15,5,2,3,33708.38,5734.9,3527.6,2207.3,310.6,4,4
1522,SO-001522,20250721,10,7,2,9,15,57605.56,16736.38,12218.14,4518.24,1099.62,8,4
1523,SO-001523,20270819,90,1,1,10,19,45403.21,18804.29,14061.61,4742.68,2953.22,4,4
1524,SO-001524,20260402,80,5,1,3,19,34311.07,10578.59,7812.47,2766.12,2814.22,7,9
1525,SO-001525,20241104,48,9,3,3,9,29734.47,10023.7,6795.96,3227.74,25.39,12,8
1526,SO-001526,20270327,5,3,1,10,5,85629.68,27856.44,20991.38,6865.06,4558.62,9,6
1527,SO-001527,20270111,70,7,2,3,12,19290.31,3751.68,2482.47,1269.21,194.63,3,3
1528,SO-001528,20250912,41,2,1,4,6,95488.73,23703.96,15717.32,7986.64,2197.23,7,6
1529,SO-001529,20241008,21,9,3,1,15,42716.22,9881.26,7779.13,2102.13,927.95,6,8
1530,SO-001530,20240410,19,4,1,6,15,12749.45,5538.41,3351.21,2187.2,1106.06,10,6
1531,SO-001531,20241224,79,16,5,2,17,44135.41,9250.4,6976.62,2273.78,2604.95,3,4
1532,SO-001532,20270523,85,13,4,6,12,91371.68,33565.89,20956.55,12609.34,6913.24,9,4
1533,SO-001533,20250606,56,5,1,3,17,75093.42,18402.68,11744.52,6658.16,7397.84,13,8
1534,SO-001534,20251227,42,2,1,6,12,11643.24,3342.61,2010.42,1332.19,935.43,8,9
1535,SO-001535,20271207,8,7,2,4,3,94600.31,37930.98,26052.13,11878.85,8020.29,8,7
1536,SO-001536,20240402,14,6,2,7,5,65218.05,25634.01,19871.19,5762.82,103.37,10,7
1537,SO-001537,20240320,95,2,1,6,2,84817.77,17235.61,10373.33,6862.28,4398.84,10,5
1538,SO-001538,20260508,80,5,1,3,6,59822.35,12739.03,9528.41,3210.62,1753.3,9,9
1539,SO-001539,20240812,86,15,5,9,6,17876.43,5462.68,3443.0,2019.68,1446.95,8,5
1540,SO-001540,20240228,68,6,2,9,1,3483.02,735.69,500.81,234.88,129.98,10,7
1541,SO-001541,20270109,72,1,1,10,13,33492.41,13954.48,8468.2,5486.28,2920.63,7,9
1542,SO-001542,20240707,32,15,5,6,14,76368.98,28008.84,17756.15,10252.69,764.57,9,8
1543,SO-001543,20270520,54,16,5,2,1,98825.06,18156.45,12621.24,5535.21,9718.15,10,10
1544,SO-001544,20260905,21,9,3,1,16,31487.37,9157.98,7148.5,2009.48,403.66,7,8
1545,SO-001545,20250406,87,15,5,2,3,74997.53,30418.29,19445.12,10973.17,1644.78,5,5
1546,SO-001546,20250528,83,14,4,4,6,74446.93,27186.56,17846.89,9339.67,4578.59,7,6
1547,SO-001547,20251102,73,11,3,8,14,73138.01,17577.44,13044.08,4533.36,3380.07,7,7
1548,SO-001548,20250209,51,14,4,10,6,37789.68,7314.81,5466.23,1848.58,3214.95,7,9
1549,SO-001549,20240124,83,14,4,4,19,1925.01,655.25,502.63,152.62,45.78,12,9
1550,SO-001550,20250315,3,8,2,3,15,48337.25,19687.96,12552.05,7135.91,4203.05,14,9
1551,SO-001551,20250116,48,9,3,3,9,62320.6,19553.95,12193.14,7360.81,1740.65,11,8
1552,SO-001552,20261129,26,12,3,10,9,34427.81,14170.19,10690.01,3480.18,1571.0,7,4
1553,SO-001553,20250410,25,10,3,10,15,6780.22,1760.33,1282.33,478.0,654.12,4,5
1554,SO-001554,20260715,90,1,1,10,14,83092.76,15462.18,11481.27,3980.91,1049.46,10,8
1555,SO-001555,20261112,84,7,2,5,7,55553.2,23991.46,19031.43,4960.03,5397.99,9,5
1556,SO-001556,20270226,81,16,5,9,17,14599.99,5170.91,3904.98,1265.93,290.07,8,8
1557,SO-001557,20241121,49,8,2,9,4,52742.0,20573.49,13836.31,6737.18,1215.3,8,5
1558,SO-001558,20250218,70,7,2,3,9,68199.49,23220.03,17920.94,5299.09,1543.06,9,5
1559,SO-001559,20260816,41,2,1,4,11,5366.76,2365.37,1608.86,756.51,209.18,14,9
1560,SO-001560,20270609,73,11,3,8,20,14043.93,6059.16,3635.92,2423.24,352.97,8,7
1561,SO-001561,20260312,79,16,5,2,6,95947.94,16096.87,10979.27,5117.6,1379.65,6,5
1562,SO-001562,20250719,75,12,3,5,5,64785.42,17317.14,11060.01,6257.13,5405.24,5,4
1563,SO-001563,20260627,29,10,3,2,5,89317.53,16706.08,12495.0,4211.08,8434.62,6,5
1564,SO-001564,20270711,82,6,2,5,20,67387.69,25484.37,15345.51,10138.86,790.4,6,7
1565,SO-001565,20240524,24,3,1,9,11,47375.38,16492.62,10881.24,5611.38,591.55,10,10
1566,SO-001566,20270707,33,6,2,6,15,87585.93,38086.42,23163.94,14922.48,7339.5,6,7
1567,SO-001567,20250405,37,8,2,3,17,42878.1,8598.64,6379.78,2218.86,3711.13,12,10
1568,SO-001568,20270923,70,7,2,3,16,10753.49,4831.35,3481.78,1349.57,644.18,9,8
1569,SO-001569,20250530,35,9,3,2,17,83752.56,36765.14,25159.67,11605.47,5343.92,9,7
1570,SO-001570,20271231,93,3,1,1,16,33218.55,11629.6,7562.15,4067.45,1184.78,2,3
1571,SO-001571,20270222,54,16,5,2,20,24653.05,7358.76,5285.19,2073.57,1640.98,9,4
1572,SO-001572,20270517,45,11,3,4,4,83822.5,22024.09,15500.41,6523.68,7755.62,7,9
1573,SO-001573,20260108,90,1,1,10,19,59239.13,22989.52,18180.44,4809.08,3409.96,5,4
1574,SO-001574,20270818,82,6,2,5,15,67424.63,28395.0,19432.57,8962.43,2654.81,6,3
1575,SO-001575,20250318,72,1,1,10,19,85297.19,27465.99,19351.25,8114.74,8019.62,7,9
1576,SO-001576,20260724,12,15,5,10,9,18483.4,6268.76,4173.69,2095.07,540.23,7,9
1577,SO-001577,20240407,67,9,3,9,11,36179.6,12840.27,8609.09,4231.18,3493.46,12,7
1578,SO-001578,20260401,93,3,1,1,12,46091.35,20616.32,13454.93,7161.39,3658.0,9,6
1579,SO-001579,20251010,77,8,2,10,10,78206.34,15767.76,11036.92,4730.84,695.02,9,8
1580,SO-001580,20260222,21,9,3,1,7,10579.17,3878.14,2822.86,1055.28,331.05,10,10
1581,SO-001581,20241211,83,14,4,4,11,26835.7,9720.4,6513.82,3206.58,2162.68,8,8
1582,SO-001582,20260326,19,4,1,6,20,2084.77,431.42,285.65,145.77,105.51,7,7
1583,SO-001583,20241025,18,3,1,7,11,69715.79,14611.45,9031.46,5579.99,4168.79,11,9
1584,SO-001584,20251025,26,12,3,10,8,53516.36,14397.35,11291.15,3106.2,554.57,6,7
1585,SO-001585,20261009,87,15,5,2,8,44532.34,7224.56,5126.53,2098.03,2972.63,5,7
1586,SO-001586,20240126,50,9,3,10,10,83408.17,37114.86,24090.16,13024.7,1883.63,6,6
1587,SO-001587,20260424,88,8,2,4,6,24746.18,3866.15,2793.08,1073.07,2073.56,10,9
1588,SO-001588,20271218,14,6,2,7,12,84866.53,27519.56,19964.09,7555.47,7541.27,11,9
1589,SO-001589,20270111,10,7,2,9,12,80440.9,18426.37,12420.22,6006.15,7240.11,9,6
1590,SO-001590,20240716,15,11,3,5,17,8165.52,2922.93,1941.8,981.13,675.65,6,6
1591,SO-001591,20271208,5,3,1,10,18,70981.21,22047.33,13690.54,8356.79,5865.13,9,6
1592,SO-001592,20261015,95,2,1,6,19,82197.21,17852.34,11672.34,6180.0,6876.73,15,10
1593,SO-001593,20260903,92,8,2,1,5,43900.33,19138.31,12138.82,6999.49,2458.24,6,3
1594,SO-001594,20270509,73,11,3,8,16,6845.79,1754.74,1387.91,366.83,189.01,5,7
1595,SO-001595,20270107,100,16,5,4,10,43367.59,16449.74,10308.58,6141.16,1718.42,12,10
1596,SO-001596,20240114,62,1,1,2,20,33388.06,10716.14,8307.08,2409.06,3159.4,8,5
1597,SO-001597,20261220,32,15,5,6,14,5770.61,2171.71,1558.18,613.53,447.0,3,4
1598,SO-001598,20240301,75,12,3,5,16,73172.84,27056.89,17580.48,9476.41,4401.53,5,5
1599,SO-001599,20260219,47,15,5,3,16,73002.38,18216.8,11273.14,6943.66,2946.05,13,9
1600,SO-001600,20261020,87,15,5,2,3,14281.7,3613.11,2237.14,1375.97,507.22,11,9
1601,SO-001601,20260714,45,11,3,4,4,18864.35,5101.45,3292.11,1809.34,1859.34,7,4
1602,SO-001602,20240714,57,14,4,10,6,52624.79,8215.79,5925.49,2290.3,5167.81,6,3
1603,SO-001603,20270309,8,7,2,4,19,672.03,299.42,180.41,119.01,21.97,5,7
1604,SO-001604,20270101,98,16,5,4,7,37796.18,6456.22,4096.33,2359.89,2405.66,10,10
1605,SO-001605,20260621,63,9,3,6,6,97589.55,17477.29,12874.4,4602.89,1509.43,8,8
1606,SO-001606,20250819,68,6,2,9,4,50979.21,20101.53,13850.38,6251.15,3171.33,6,4
1607,SO-001607,20270520,41,2,1,4,5,35230.88,7191.5,5060.64,2130.86,3171.59,11,10
1608,SO-001608,20240826,21,9,3,1,18,99735.52,42487.31,33461.46,9025.85,9261.5,14,9
1609,SO-001609,20260407,54,16,5,2,2,7013.63,1570.12,986.47,583.65,673.58,11,10
1610,SO-001610,20270920,73,11,3,8,11,36152.98,15364.41,12049.15,3315.26,2931.67,3,4
1611,SO-001611,20251018,59,13,4,10,5,91230.77,29093.4,21541.95,7551.45,4759.26,8,6
1612,SO-001612,20240617,19,4,1,6,16,45066.5,9437.49,7444.76,1992.73,1921.27,13,9
1613,SO-001613,20250811,38,15,5,7,2,2871.5,520.59,370.79,149.8,175.06,12,7
1614,SO-001614,20240408,8,7,2,4,18,52991.24,8610.53,6796.77,1813.76,1627.47,8,5
1615,SO-001615,20261107,86,15,5,9,17,3282.33,1444.33,977.78,466.55,115.46,7,3
1616,SO-001616,20260725,63,9,3,6,6,84997.47,25722.25,18937.41,6784.84,380.11,5,6
1617,SO-001617,20240402,33,6,2,6,13,89289.43,32476.63,19959.9,12516.73,1818.01,4,6
1618,SO-001618,20241228,90,1,1,10,13,20999.97,7493.14,5881.08,1612.06,9.95,9,6
1619,SO-001619,20270627,76,8,2,1,9,82743.94,21640.45,16610.29,5030.16,370.34,6,5
1620,SO-001620,20270831,85,13,4,6,9,88253.51,24433.18,17447.93,6985.25,7622.84,8,7
1621,SO-001621,20250603,85,13,4,6,20,41215.74,6308.82,4824.42,1484.4,1554.38,11,6
1622,SO-001622,20240524,95,2,1,6,4,1537.76,550.14,334.68,215.46,117.97,6,5
1623,SO-001623,20250609,80,5,1,3,13,11970.2,5035.45,3513.27,1522.18,219.48,8,8
1624,SO-001624,20250217,17,11,3,2,3,28838.28,6803.86,5246.47,1557.39,754.12,8,4
1625,SO-001625,20240811,2,9,3,4,4,55697.62,16675.32,10429.13,6246.19,5545.02,15,10
1626,SO-001626,20260611,44,3,1,4,20,23250.19,9298.41,5922.12,3376.29,1772.92,5,4
1627,SO-001627,20251013,25,10,3,10,2,37404.74,13896.01,9566.08,4329.93,2876.9,7,6
1628,SO-001628,20260804,5,3,1,10,7,57095.73,24812.48,16581.42,8231.06,5426.46,8,5
1629,SO-001629,20250111,8,7,2,4,7,90205.5,15057.86,10179.22,4878.64,8540.85,5,4
1630,SO-001630,20270214,7,1,1,2,6,33920.92,12427.08,7519.15,4907.93,1494.32,8,6
1631,SO-001631,20270620,24,3,1,9,6,14764.66,6485.42,3964.81,2520.61,1011.03,7,9
1632,SO-001632,20260219,7,1,1,2,1,72545.9,17882.34,10866.85,7015.49,6540.16,4,6
1633,SO-001633,20270228,82,6,2,5,18,56489.81,22263.3,16780.72,5482.58,675.86,4,6
1634,SO-001634,20271105,46,16,5,7,20,7855.44,2707.45,2117.67,589.78,736.22,11,9
1635,SO-001635,20270727,41,2,1,4,15,38983.33,16492.77,10679.63,5813.14,1912.38,10,7
1636,SO-001636,20250810,83,14,4,4,6,48173.34,20212.23,13963.51,6248.72,4236.58,6,6
1637,SO-001637,20250906,50,9,3,10,5,96322.45,25673.36,16724.71,8948.65,1544.21,7,3
1638,SO-001638,20270707,5,3,1,10,12,4734.21,1292.97,1003.29,289.68,403.2,9,9
1639,SO-001639,20260306,35,9,3,2,15,21206.04,5762.48,4475.86,1286.62,976.71,15,10
1640,SO-001640,20250320,88,8,2,4,7,36674.25,9088.0,6177.81,2910.19,2652.68,7,6
1641,SO-001641,20270127,8,7,2,4,14,57054.47,24784.55,18485.84,6298.71,4473.79,13,8
1642,SO-001642,20270701,18,3,1,7,14,37794.26,9148.84,6208.09,2940.75,1777.21,12,10
1643,SO-001643,20250104,97,8,2,5,15,5563.13,1196.93,850.23,346.7,87.19,13,9
1644,SO-001644,20270323,55,2,1,2,7,2871.62,608.6,434.22,174.38,49.49,9,5
1645,SO-001645,20270604,71,12,3,3,20,15492.98,3794.96,2463.46,1331.5,1144.1,13,10
1646,SO-001646,20240213,77,8,2,10,1,53293.52,18035.9,10948.88,7087.02,517.29,3,4
1647,SO-001647,20241104,55,2,1,2,7,92057.09,37820.65,25199.96,12620.69,828.03,9,8
1648,SO-001648,20251124,53,8,2,3,6,31102.4,5281.4,3827.15,1454.25,981.28,15,10
1649,SO-001649,20260430,10,7,2,9,4,29329.23,5292.46,3770.23,1522.23,2642.03,5,5
1650,SO-001650,20271114,14,6,2,7,8,53464.37,17936.58,11329.75,6606.83,2952.95,12,10
1651,SO-001651,20260219,12,15,5,10,16,97624.41,34086.61,21451.7,12634.91,4343.35,3,3
1652,SO-001652,20270412,23,4,1,7,19,38247.29,7692.96,4646.48,3046.48,2631.88,13,8
1653,SO-001653,20240623,17,11,3,2,12,18592.45,7775.3,6174.05,1601.25,1759.97,11,8
1654,SO-001654,20271001,70,7,2,3,7,7354.55,1400.92,924.64,476.28,289.49,4,5
1655,SO-001655,20270519,38,15,5,7,16,96176.72,23679.63,17576.95,6102.68,9124.88,7,4
1656,SO-001656,20261117,72,1,1,10,9,2087.58,871.18,595.49,275.69,35.29,8,7
1657,SO-001657,20270822,18,3,1,7,8,98212.62,41375.4,25019.24,16356.16,3128.74,3,5
1658,SO-001658,20270912,39,9,3,9,3,70201.23,16071.45,12844.8,3226.65,2369.42,12,7
1659,SO-001659,20250911,9,1,1,9,13,33625.43,5360.3,4151.06,1209.24,3115.55,1,3
1660,SO-001660,20251118,74,1,1,2,12,20364.42,5926.79,4016.46,1910.33,1415.91,11,7
1661,SO-001661,20251210,86,15,5,9,9,80413.03,32654.77,24713.92,7940.85,3274.38,8,8
1662,SO-001662,20261108,55,2,1,2,4,55462.07,16452.77,10749.16,5703.61,5065.67,7,4
1663,SO-001663,20240513,36,6,2,9,5,2789.24,525.93,395.72,130.21,67.77,8,5
1664,SO-001664,20270618,51,14,4,10,3,57404.93,12691.29,7836.58,4854.71,432.9,6,3
1665,SO-001665,20270608,32,15,5,6,4,16046.26,5421.03,4197.34,1223.69,739.35,7,8
1666,SO-001666,20240706,85,13,4,6,1,6088.56,1166.66,914.2,252.46,564.14,4,5
1667,SO-001667,20270704,62,1,1,2,17,43580.45,15500.71,9952.13,5548.58,3124.63,12,9
1668,SO-001668,20250812,97,8,2,5,19,19667.54,7773.9,5765.49,2008.41,974.13,10,5
1669,SO-001669,20250623,77,8,2,10,5,86568.32,14576.37,9284.94,5291.43,54.65,6,5
1670,SO-001670,20250118,37,8,2,3,11,87878.58,28352.29,18085.05,10267.24,1089.78,5,4
1671,SO-001671,20261103,68,6,2,9,10,75750.48,16537.44,11227.82,5309.62,6333.05,11,7
1672,SO-001672,20250730,1,4,1,1,6,22216.69,5005.09,3348.16,1656.93,534.91,5,3
1673,SO-001673,20271012,53,8,2,3,15,6933.01,1170.53,782.9,387.63,508.13,8,9
1674,SO-001674,20270311,63,9,3,6,9,1693.89,632.3,390.54,241.76,99.62,7,8
1675,SO-001675,20250906,22,15,5,9,16,72851.32,17900.97,12022.69,5878.28,5907.99,13,8
1676,SO-001676,20260419,62,1,1,2,15,31690.73,14252.25,9093.75,5158.5,1860.97,6,3
1677,SO-001677,20260809,38,15,5,7,15,88057.48,21777.52,16534.59,5242.93,8323.31,14,9
1678,SO-001678,20260220,46,16,5,7,5,15692.14,5827.4,3945.81,1881.59,1490.18,8,5
1679,SO-001679,20270429,54,16,5,2,6,40242.12,6204.73,4704.89,1499.84,2663.11,5,5
1680,SO-001680,20261015,9,1,1,9,13,22090.88,3422.25,2376.61,1045.64,598.42,4,6
1681,SO-001681,20270527,53,8,2,3,16,16252.48,6483.66,4997.36,1486.3,451.28,11,6
1682,SO-001682,20240805,61,9,3,9,3,43569.2,18917.71,11955.31,6962.4,4222.29,6,3
1683,SO-001683,20260502,35,9,3,2,16,95318.56,34486.94,24884.52,9602.42,1348.55,11,10
1684,SO-001684,20270511,9,1,1,9,5,1790.28,433.97,274.15,159.82,112.87,8,9
1685,SO-001685,20270303,57,14,4,10,16,53198.85,13423.62,9056.53,4367.09,3662.82,8,5
1686,SO-001686,20251002,48,9,3,3,16,6780.94,1926.62,1316.65,609.97,142.03,9,8
1687,SO-001687,20251021,74,1,1,2,19,78787.21,24936.05,17840.35,7095.7,2608.34,6,6
1688,SO-001688,20270227,80,5,1,3,16,97128.0,21239.76,15262.19,5977.57,2302.11,11,6
1689,SO-001689,20240615,27,7,2,2,17,89110.43,21746.33,16878.32,4868.01,3423.12,8,5
1690,SO-001690,20260709,6,14,4,1,13,49348.58,16323.52,12702.67,3620.85,4728.94,6,7
1691,SO-001691,20250520,47,15,5,3,8,77854.61,30159.67,19761.88,10397.79,1113.97,8,3
1692,SO-001692,20251017,95,2,1,6,16,63490.45,15756.06,12052.87,3703.19,3063.75,7,5
1693,SO-001693,20250828,33,6,2,6,2,98535.81,32657.85,23097.66,9560.19,8120.7,5,6
1694,SO-001694,20271205,68,6,2,9,1,73681.74,15361.38,11671.11,3690.27,2081.19,13,9
1695,SO-001695,20260124,72,1,1,10,15,30168.61,6373.78,4201.73,2172.05,86.95,8,9
1696,SO-001696,20251005,81,16,5,9,4,77691.79,34797.68,23987.33,10810.35,2967.98,10,5
1697,SO-001697,20270416,55,2,1,2,5,93721.85,26877.83,17189.88,9687.95,5684.63,7,7
1698,SO-001698,20241017,76,8,2,1,11,32618.97,5058.77,3088.3,1970.47,1065.13,13,10
1699,SO-001699,20241230,83,14,4,4,11,83264.53,21857.66,13225.92,8631.74,3615.84,12,8
1700,SO-001700,20240927,60,15,5,9,16,61501.66,23257.43,16948.25,6309.18,1992.74,1,3
1701,SO-001701,20260107,25,10,3,10,12,6855.85,1168.02,736.22,431.8,358.41,5,6
1702,SO-001702,20270807,9,1,1,9,13,34146.73,9349.12,7013.43,2335.69,1681.58,7,3
1703,SO-001703,20250618,47,15,5,3,8,69611.37,21887.85,13524.39,8363.46,1442.73,4,5
1704,SO-001704,20240327,71,12,3,3,2,24306.9,8347.66,5939.67,2407.99,127.57,11,6
1705,SO-001705,20260304,22,15,5,9,13,22290.59,4899.46,3089.24,1810.22,1940.36,11,8
1706,SO-001706,20240323,91,8,2,10,7,2415.95,917.24,640.64,276.6,161.78,8,9
1707,SO-001707,20261108,60,15,5,9,6,59172.03,12582.99,9016.31,3566.68,42.32,7,4
1708,SO-001708,20270213,5,3,1,10,12,40019.56,7830.9,4710.05,3120.85,2511.95,9,7
1709,SO-001709,20251031,2,9,3,4,9,51332.52,10161.73,6506.73,3655.0,3119.06,9,8
1710,SO-001710,20250113,54,16,5,2,4,39566.93,13656.08,9427.2,4228.88,1762.88,10,9
1711,SO-001711,20271113,61,9,3,9,7,4645.18,1818.08,1360.95,457.13,406.1,8,6
1712,SO-001712,20250320,2,9,3,4,17,88721.89,35076.92,23578.27,11498.65,482.36,8,6
1713,SO-001713,20260306,82,6,2,5,11,2869.35,441.04,337.8,103.24,246.87,11,6
1714,SO-001714,20270928,20,12,3,10,8,46059.49,12308.31,9240.73,3067.58,4241.25,12,10
1715,SO-001715,20250715,17,11,3,2,1,8228.58,1499.07,899.52,599.55,25.67,1,3
1716,SO-001716,20250316,45,11,3,4,7,30692.93,8116.02,5791.77,2324.25,489.51,6,3
1717,SO-001717,20240312,61,9,3,9,4,97108.55,36178.17,24404.5,11773.67,2718.83,5,3
1718,SO-001718,20270727,29,10,3,2,1,30553.99,6991.29,5495.33,1495.96,2711.24,5,6
1719,SO-001719,20270402,34,12,3,4,18,88088.91,37844.14,24027.86,13816.28,991.76,11,6
1720,SO-001720,20240513,48,9,3,3,13,27676.89,4338.84,3092.06,1246.78,175.15,6,5
1721,SO-001721,20240128,45,11,3,4,19,67962.92,10804.03,7557.25,3246.78,5643.99,9,9
1722,SO-001722,20250219,36,6,2,9,9,89792.11,31156.34,24672.26,6484.08,7869.16,12,7
1723,SO-001723,20270824,15,11,3,5,2,2929.08,678.34,525.31,153.03,68.78,8,10
1724,SO-001724,20240406,14,6,2,7,10,87415.33,35020.13,24061.24,10958.89,8323.22,11,10
1725,SO-001725,20270910,4,4,1,9,12,36721.46,12096.59,8361.79,3734.8,1735.0,8,5
1726,SO-001726,20270403,86,15,5,9,13,72756.76,22716.85,15087.22,7629.63,4651.44,9,9
1727,SO-001727,20260107,17,11,3,2,14,37524.94,16700.62,12583.29,4117.33,553.99,14,10
1728,SO-001728,20270109,78,3,1,2,6,9101.33,2056.54,1290.54,766.0,841.62,15,10
1729,SO-001729,20270111,30,8,2,2,6,89029.22,22527.61,17653.98,4873.63,8749.03,8,5
1730,SO-001730,20260508,97,8,2,5,4,85184.24,27438.51,21825.86,5612.65,6748.96,8,9
1731,SO-001731,20250409,73,11,3,8,11,99055.14,31023.97,21838.2,9185.77,5700.27,7,7
1732,SO-001732,20250324,88,8,2,4,19,49173.41,12177.61,9343.8,2833.81,1835.75,13,9
1733,SO-001733,20271122,89,3,1,6,7,35437.87,9653.26,7242.97,2410.29,377.15,10,10
1734,SO-001734,20240527,73,11,3,8,10,71762.09,29993.33,23810.39,6182.94,5740.5,10,10
1735,SO-001735,20240218,51,14,4,10,1,24562.42,6676.95,5108.18,1568.77,1331.2,5,4
1736,SO-001736,20250603,92,8,2,1,15,3594.2,669.68,426.68,243.0,278.93,3,4
1737,SO-001737,20260305,77,8,2,10,12,95125.76,26309.43,17666.86,8642.57,3833.58,10,7
1738,SO-001738,20240305,80,5,1,3,16,21240.62,5916.73,4247.85,1668.88,1016.24,8,3
1739,SO-001739,20260515,79,16,5,2,19,32303.37,5146.32,3808.93,1337.39,2781.89,8,9
1740,SO-001740,20240320,22,15,5,9,16,62213.06,15884.02,12616.24,3267.78,3050.36,7,3
1741,SO-001741,20260720,7,1,1,2,13,76025.42,13384.17,8705.48,4678.69,699.81,5,6
1742,SO-001742,20250319,24,3,1,9,20,75030.7,16687.85,13296.88,3390.97,257.67,12,7
1743,SO-001743,20240521,3,8,2,3,17,41355.41,6331.02,3961.17,2369.85,3567.8,8,3
1744,SO-001744,20270414,35,9,3,2,4,18532.71,4307.42,3071.23,1236.19,1485.04,5,3
1745,SO-001745,20250817,7,1,1,2,20,69972.55,20804.92,16237.25,4567.67,2052.92,3,5
1746,SO-001746,20260922,38,15,5,7,8,33475.85,6122.81,3863.24,2259.57,2803.18,11,6
1747,SO-001747,20250911,18,3,1,7,6,1066.4,408.13,310.73,97.4,96.55,7,9
1748,SO-001748,20240726,16,5,1,4,6,22730.55,9312.02,6674.05,2637.97,1121.41,9,10
1749,SO-001749,20260120,82,6,2,5,14,14350.93,5340.08,4215.11,1124.97,807.63,15,10
1750,SO-001750,20260828,12,15,5,10,2,2543.49,782.26,577.9,204.36,161.47,8,4
1751,SO-001751,20260830,3,8,2,3,13,28250.77,8960.71,6133.17,2827.54,184.13,10,7
1752,SO-001752,20240625,15,11,3,5,19,50957.8,11362.04,8925.72,2436.32,700.81,3,3
1753,SO-001753,20240516,45,11,3,4,6,19085.68,3988.05,2919.14,1068.91,1041.92,12,7
1754,SO-001754,20271207,86,15,5,9,13,58420.99,10793.57,6561.96,4231.61,1182.72,7,7
1755,SO-001755,20250913,35,9,3,2,5,1613.77,271.11,205.4,65.71,18.2,5,7
1756,SO-001756,20260907,2,9,3,4,7,32293.16,7204.7,5015.03,2189.67,689.66,15,10
1757,SO-001757,20270928,87,15,5,2,5,10355.18,2758.18,2004.31,753.87,560.63,4,4
1758,SO-001758,20250520,29,10,3,2,14,85855.64,16623.44,12502.55,4120.89,4101.22,4,4
1759,SO-001759,20240328,94,8,2,2,11,84057.21,21730.2,14017.47,7712.73,2206.24,7,3
1760,SO-001760,20270526,44,3,1,4,8,78172.88,12374.73,9087.15,3287.58,7276.18,14,9
1761,SO-001761,20250509,10,7,2,9,20,74986.55,14112.31,10202.91,3909.4,5927.44,9,9
1762,SO-001762,20270224,16,5,1,4,3,52365.22,15664.53,9633.86,6030.67,3140.98,8,9
1763,SO-001763,20250729,28,2,1,4,15,70595.2,27046.04,20408.5,6637.54,282.02,11,7
1764,SO-001764,20260820,13,9,3,1,17,65191.6,29075.69,19431.18,9644.51,5452.13,10,8
1765,SO-001765,20251121,45,11,3,4,3,49034.86,18497.19,14204.02,4293.17,2890.9,10,5
1766,SO-001766,20270712,65,14,4,3,9,69296.7,30668.5,21668.76,8999.74,4271.22,6,4
1767,SO-001767,20270305,18,3,1,7,7,93449.01,38540.75,27706.44,10834.31,2129.16,9,8
1768,SO-001768,20250624,74,1,1,2,20,35177.06,8509.48,6511.0,1998.48,1821.02,11,9
1769,SO-001769,20250124,47,15,5,3,12,42672.89,14838.79,11183.44,3655.35,3800.24,7,5
1770,SO-001770,20250819,67,9,3,9,8,71405.79,22555.02,14455.35,8099.67,3303.88,4,5
1771,SO-001771,20250518,82,6,2,5,13,20970.52,8115.25,6216.91,1898.34,383.92,13,10
1772,SO-001772,20270526,62,1,1,2,3,48692.16,11258.71,8034.64,3224.07,2616.76,7,5
1773,SO-001773,20250121,50,9,3,10,9,25627.3,11274.84,8598.45,2676.39,2521.39,2,3
1774,SO-001774,20250211,4,4,1,9,9,92816.67,26585.31,21219.62,5365.69,5416.63,11,7
1775,SO-001775,20260303,9,1,1,9,11,5573.81,1551.26,1235.33,315.93,331.79,14,10
1776,SO-001776,20240523,26,12,3,10,9,12384.75,2530.59,1701.23,829.36,992.39,1,3
1777,SO-001777,20240322,21,9,3,1,19,11192.43,3476.0,2174.18,1301.82,107.32,10,9
1778,SO-001778,20250507,10,7,2,9,8,6458.05,1184.6,942.19,242.41,464.7,11,7
1779,SO-001779,20241106,51,14,4,10,1,22433.54,7427.71,5573.35,1854.36,2081.5,9,8
1780,SO-001780,20270114,54,16,5,2,20,55594.17,13621.42,8771.85,4849.57,4479.28,10,9
1781,SO-001781,20240912,98,16,5,4,4,2235.34,442.86,316.31,126.55,137.28,12,7
1782,SO-001782,20250726,64,4,1,5,4,24996.2,6796.98,4407.2,2389.78,1523.79,6,5
1783,SO-001783,20250313,66,15,5,1,8,815.25,286.44,196.8,89.64,70.18,14,9
1784,SO-001784,20240217,16,5,1,4,18,10486.48,1830.93,1359.44,471.49,464.06,13,9
1785,SO-001785,20240212,64,4,1,5,16,76623.06,16208.74,11907.95,4300.79,3345.75,11,8
1786,SO-001786,20270515,57,14,4,10,13,51002.15,13585.45,9352.74,4232.71,1047.94,4,5
1787,SO-001787,20250818,56,5,1,3,8,17253.97,4679.31,3011.54,1667.77,609.52,8,7
1788,SO-001788,20260715,65,14,4,3,1,38254.68,15811.39,12524.69,3286.7,2626.15,5,6
1789,SO-001789,20240702,55,2,1,2,14,39192.55,9937.48,6719.67,3217.81,1924.19,14,10
1790,SO-001790,20241211,59,13,4,10,8,25865.11,5653.26,3806.45,1846.81,2579.01,10,10
1791,SO-001791,20260116,45,11,3,4,2,85437.87,29348.14,21125.41,8222.73,6921.68,7,3
1792,SO-001792,20240611,50,9,3,10,17,76190.67,13485.12,10561.14,2923.98,703.82,5,3
1793,SO-001793,20250414,83,14,4,4,14,93235.0,26658.71,17558.24,9100.47,8004.23,7,7
1794,SO-001794,20250813,3,8,2,3,18,31504.04,9645.04,6234.2,3410.84,290.69,3,3
1795,SO-001795,20240517,1,4,1,1,4,47289.71,13098.27,8298.87,4799.4,81.25,5,6
1796,SO-001796,20241108,27,7,2,2,18,27269.89,10497.36,7419.44,3077.92,2124.49,8,8
1797,SO-001797,20261022,26,12,3,10,17,93248.94,20859.22,12552.02,8307.2,7976.58,5,7
1798,SO-001798,20270601,46,16,5,7,12,89536.4,24008.44,15206.95,8801.49,4199.86,6,5
1799,SO-001799,20241127,43,13,4,5,20,57599.52,13465.8,8741.43,4724.37,1008.83,5,4
1800,SO-001800,20271019,95,2,1,6,13,75574.1,12856.83,8684.6,4172.23,4.33,15,10
1801,SO-001801,20250529,39,9,3,9,17,55256.42,20327.21,15809.66,4517.55,2578.38,12,8
1802,SO-001802,20240530,15,11,3,5,20,93718.58,18750.15,14467.34,4282.81,1183.1,4,3
1803,SO-001803,20250905,75,12,3,5,12,99474.1,40046.66,24953.36,15093.3,8994.1,13,9
1804,SO-001804,20270424,39,9,3,9,5,2875.65,851.67,638.81,212.86,61.99,10,5
1805,SO-001805,20250601,87,15,5,2,16,65082.6,15658.33,10160.66,5497.67,106.59,11,6
1806,SO-001806,20240415,86,15,5,9,8,40224.3,14636.3,9869.45,4766.85,823.36,9,5
1807,SO-001807,20260810,7,1,1,2,13,94798.68,39731.23,31171.11,8560.12,2800.52,6,3
1808,SO-001808,20260908,5,3,1,10,3,88761.13,36537.09,22493.13,14043.96,2609.14,8,10
1809,SO-001809,20271227,46,16,5,7,18,35572.0,7400.53,5804.95,1595.58,590.3,4,4
1810,SO-001810,20260406,35,9,3,2,11,27326.06,4301.26,2768.89,1532.37,1423.94,8,3
1811,SO-001811,20260616,94,8,2,2,16,79951.86,23033.11,16684.14,6348.97,2278.05,2,3
1812,SO-001812,20260212,63,9,3,6,11,43624.11,13270.08,9730.47,3539.61,2390.56,4,4
1813,SO-001813,20240709,72,1,1,10,20,66231.32,18674.48,13903.31,4771.17,1769.08,6,5
1814,SO-001814,20260506,57,14,4,10,19,38697.01,10383.17,6316.9,4066.27,1172.17,6,5
1815,SO-001815,20240102,31,13,4,5,3,19769.59,7707.01,5985.52,1721.49,843.99,8,7
1816,SO-001816,20241205,40,8,2,6,16,16757.45,2701.94,2014.15,687.79,1318.83,11,6
1817,SO-001817,20250612,63,9,3,6,19,11866.58,4163.09,3173.68,989.41,406.71,13,8
1818,SO-001818,20270929,87,15,5,2,19,56077.57,23370.39,17828.71,5541.68,1853.92,8,8
1819,SO-001819,20260607,65,14,4,3,16,52244.8,12209.06,8775.51,3433.55,4684.22,4,6
1820,SO-001820,20270426,17,11,3,2,10,27582.76,11915.26,7865.43,4049.83,2683.14,7,9
1821,SO-001821,20260808,89,3,1,6,5,80266.54,18244.0,13953.26,4290.74,4454.91,7,6
1822,SO-001822,20270306,28,2,1,4,11,92642.14,33278.4,23333.77,9944.63,3822.83,13,9
1823,SO-001823,20240426,6,14,4,1,14,30258.91,6740.12,4883.97,1856.15,2870.03,7,4
1824,SO-001824,20240830,68,6,2,9,10,40889.51,11434.76,7808.16,3626.6,4000.46,11,8
1825,SO-001825,20260530,75,12,3,5,8,23950.39,9909.04,6920.2,2988.84,2295.1,10,6
1826,SO-001826,20240618,59,13,4,10,4,29003.53,9663.16,6116.58,3546.58,461.71,12,8
1827,SO-001827,20271129,96,3,1,9,5,8668.44,3370.79,2028.2,1342.59,468.42,9,10
1828,SO-001828,20270926,39,9,3,9,19,99187.81,14940.28,9494.77,5445.51,1323.99,11,8
1829,SO-001829,20270612,77,8,2,10,1,9208.26,1837.66,1216.45,621.21,92.06,2,4
1830,SO-001830,20250701,54,16,5,2,19,82232.26,17077.54,10826.94,6250.6,3214.16,9,10
1831,SO-001831,20260804,94,8,2,2,20,29497.13,11829.97,7267.58,4562.39,1807.4,4,5
1832,SO-001832,20271112,35,9,3,2,10,85313.35,16825.35,12706.76,4118.59,4392.71,11,10
1833,SO-001833,20261108,38,15,5,7,10,3687.36,1495.77,1096.4,399.37,256.24,13,10
1834,SO-001834,20270926,82,6,2,5,11,29718.5,10749.1,7311.74,3437.36,2398.18,8,6
1835,SO-001835,20241029,5,3,1,10,4,21449.45,6185.72,4581.43,1604.29,78.93,2,3
1836,SO-001836,20270401,4,4,1,9,8,99823.46,18750.13,13960.48,4789.65,2819.77,11,8
1837,SO-001837,20260827,32,15,5,6,2,72004.73,20204.56,12618.23,7586.33,4639.34,8,7
1838,SO-001838,20250117,42,2,1,6,16,36738.83,9818.02,6568.42,3249.6,179.7,11,7
1839,SO-001839,20251031,96,3,1,9,14,46618.64,20510.61,15521.3,4989.31,4021.2,10,10
1840,SO-001840,20241202,81,16,5,9,9,66011.28,28874.62,21664.71,7209.91,5730.66,3,5
1841,SO-001841,20261116,29,10,3,2,20,41872.2,12397.03,9888.79,2508.24,620.41,6,5
1842,SO-001842,20270717,14,6,2,7,12,49788.09,11618.48,7441.07,4177.41,898.74,1,3
1843,SO-001843,20250308,53,8,2,3,5,71280.84,27803.99,18756.7,9047.29,19.51,11,10
1844,SO-001844,20260609,14,6,2,7,2,33585.53,11674.32,8724.33,2949.99,1696.01,10,9
1845,SO-001845,20250805,80,5,1,3,11,45767.77,16738.75,11874.88,4863.87,2465.93,8,10
1846,SO-001846,20270531,13,9,3,1,19,2282.53,745.92,591.53,154.39,14.33,14,9
1847,SO-001847,20250414,74,1,1,2,19,23479.05,5741.89,4123.7,1618.19,1054.85,5,7
1848,SO-001848,20260324,63,9,3,6,1,25787.12,5920.97,4181.08,1739.89,104.55,11,10
1849,SO-001849,20261024,92,8,2,1,10,43286.07,18941.6,14404.67,4536.93,1184.46,7,9
1850,SO-001850,20250425,50,9,3,10,13,77005.64,26874.53,18794.09,8080.44,4467.68,6,7
1851,SO-001851,20251104,20,12,3,10,8,56295.09,13993.62,9921.65,4071.97,1127.35,8,9
1852,SO-001852,20270908,53,8,2,3,10,94684.57,14790.42,9258.44,5531.98,7095.76,7,7
1853,SO-001853,20240718,76,8,2,1,10,67345.18,18497.88,14450.38,4047.5,1374.47,8,5
1854,SO-001854,20240107,97,8,2,5,8,31294.5,9785.66,6945.24,2840.42,214.65,4,5
1855,SO-001855,20260713,32,15,5,6,11,7065.24,2692.58,2023.98,668.6,190.8,4,5
1856,SO-001856,20270930,97,8,2,5,20,12583.18,4779.09,3612.55,1166.54,585.49,9,4
1857,SO-001857,20270121,58,3,1,7,9,28190.91,4932.86,3738.12,1194.74,995.82,10,9
1858,SO-001858,20241128,7,1,1,2,5,72668.87,30758.99,22271.61,8487.38,7044.68,3,4
1859,SO-001859,20251127,43,13,4,5,13,34539.07,10590.58,7814.85,2775.73,670.65,6,8
1860,SO-001860,20241209,81,16,5,9,7,79370.2,22201.47,16905.42,5296.05,6158.03,10,9
1861,SO-001861,20270215,21,9,3,1,15,62296.97,18379.28,13182.92,5196.36,4344.31,11,6
1862,SO-001862,20240108,29,10,3,2,19,39033.92,13379.2,8560.31,4818.89,163.8,11,10
1863,SO-001863,20251007,46,16,5,7,15,35864.44,16006.25,12593.46,3412.79,2326.59,7,9
1864,SO-001864,20260827,79,16,5,2,16,8979.91,3618.07,2601.14,1016.93,504.14,4,4
1865,SO-001865,20250518,56,5,1,3,10,55581.71,17534.99,13191.87,4343.12,665.61,6,3
1866,SO-001866,20271126,36,6,2,9,9,53939.61,14978.61,9103.82,5874.79,574.86,7,7
1867,SO-001867,20240602,40,8,2,6,16,81661.49,36730.05,24099.82,12630.23,6939.08,7,4
1868,SO-001868,20271228,35,9,3,2,3,31184.32,7482.55,4523.55,2959.0,3059.97,8,8
1869,SO-001869,20240713,75,12,3,5,9,87015.74,37366.57,26925.65,10440.92,7410.0,7,8
1870,SO-001870,20240410,5,3,1,10,9,76915.88,18882.35,11796.66,7085.69,4433.52,5,4
1871,SO-001871,20270205,81,16,5,9,10,31493.11,11910.39,8944.32,2966.07,2875.24,6,4
1872,SO-001872,20270909,57,14,4,10,11,10493.35,2844.69,2236.37,608.32,327.28,8,9
1873,SO-001873,20260903,100,16,5,4,2,27270.29,4516.4,2771.94,1744.46,2587.91,2,3
1874,SO-001874,20251115,93,3,1,1,6,47187.7,12190.4,8635.59,3554.81,1247.09,5,6
1875,SO-001875,20250323,41,2,1,4,5,18920.36,8049.65,5957.86,2091.79,196.53,8,3
1876,SO-001876,20271027,76,8,2,1,17,17352.27,7586.19,5862.34,1723.85,884.42,7,9
1877,SO-001877,20240501,87,15,5,2,14,87569.74,28285.66,21100.26,7185.4,7371.97,11,10
1878,SO-001878,20260408,76,8,2,1,19,21495.25,7524.73,4804.5,2720.23,1134.48,8,8
1879,SO-001879,20250606,67,9,3,9,20,41448.53,13408.58,8767.5,4641.08,2554.82,8,4
1880,SO-001880,20270326,41,2,1,4,6,50018.89,22175.61,15104.01,7071.6,956.19,7,7
1881,SO-001881,20250526,52,13,4,6,2,81537.4,26423.11,20965.02,5458.09,2028.49,4,3
1882,SO-001882,20270827,48,9,3,3,7,73259.62,26023.32,16306.01,9717.31,1598.05,2,4
1883,SO-001883,20241022,56,5,1,3,5,71865.03,28673.52,17283.02,11390.5,768.62,11,6
1884,SO-001884,20270912,77,8,2,10,17,72569.26,27988.46,21656.36,6332.1,2359.31,13,9
1885,SO-001885,20251224,82,6,2,5,7,68191.3,19299.74,12357.81,6941.93,4330.5,10,6
1886,SO-001886,20240410,39,9,3,9,9,87060.13,35471.26,25981.3,9489.96,4265.19,11,7
1887,SO-001887,20261209,49,8,2,9,10,804.21,232.48,142.34,90.14,71.49,8,3
1888,SO-001888,20240129,54,16,5,2,16,20782.07,3805.72,2502.04,1303.68,589.06,9,5
1889,SO-001889,20250215,38,15,5,7,9,78676.67,24301.47,17431.37,6870.1,2736.71,11,6
1890,SO-001890,20240205,40,8,2,6,8,84027.06,36892.29,24124.9,12767.39,4036.24,10,10
1891,SO-001891,20250702,30,8,2,2,12,64699.43,17169.58,13689.28,3480.3,3569.77,4,5
1892,SO-001892,20240211,98,16,5,4,3,52441.81,18720.28,12249.85,6470.43,3452.21,11,7
1893,SO-001893,20270709,68,6,2,9,16,56932.01,23651.98,15332.28,8319.7,1610.11,6,6
1894,SO-001894,20240103,32,15,5,6,16,97756.45,14762.32,11687.69,3074.63,3200.32,12,9
1895,SO-001895,20270415,89,3,1,6,7,19745.2,3604.29,2383.4,1220.89,1508.85,9,7
1896,SO-001896,20260217,22,15,5,9,16,63070.28,22134.57,17533.47,4601.1,3564.83,7,8
1897,SO-001897,20250508,97,8,2,5,18,62649.61,26129.72,17374.77,8754.95,5374.06,13,8
1898,SO-001898,20270303,6,14,4,1,5,33676.2,7350.62,5818.02,1532.6,55.33,3,4
1899,SO-001899,20271026,56,5,1,3,18,23514.79,9640.25,6179.32,3460.93,969.66,3,4
1900,SO-001900,20250609,56,5,1,3,1,44407.48,8469.23,6331.64,2137.59,970.17,2,4
1901,SO-001901,20240710,30,8,2,2,11,91861.24,25054.37,19999.98,5054.39,5906.85,11,10
1902,SO-001902,20260901,32,15,5,6,9,92394.93,30816.69,19066.35,11750.34,2312.8,4,6
1903,SO-001903,20260423,99,5,1,10,11,54336.98,18865.21,13944.67,4920.54,34.54,11,10
1904,SO-001904,20271127,83,14,4,4,12,10459.31,3149.4,2034.09,1115.31,602.12,7,3
1905,SO-001905,20270928,10,7,2,9,9,93498.16,35155.14,25004.35,10150.79,1536.12,2,4
1906,SO-001906,20250304,26,12,3,10,7,19658.19,7798.29,5044.28,2754.01,88.86,6,5
1907,SO-001907,20240829,65,14,4,3,7,13696.5,3948.11,2891.33,1056.78,309.03,3,5
1908,SO-001908,20271109,2,9,3,4,3,36980.92,13940.95,10486.64,3454.31,3086.97,9,9
1909,SO-001909,20271102,92,8,2,1,14,83445.16,16498.83,11146.89,5351.94,1430.04,3,3
1910,SO-001910,20250414,25,10,3,10,6,11298.18,4285.69,2752.94,1532.75,173.7,8,4
1911,SO-001911,20241118,32,15,5,6,20,26980.94,8258.29,5871.64,2386.65,1826.99,13,8
1912,SO-001912,20251008,3,8,2,3,9,53518.35,17135.94,13549.79,3586.15,2273.92,12,10
1913,SO-001913,20250828,90,1,1,10,13,60824.99,26024.82,19770.03,6254.79,5082.68,10,6
1914,SO-001914,20250415,75,12,3,5,18,77369.53,22395.42,13844.96,8550.46,4498.28,3,5
1915,SO-001915,20261126,23,4,1,7,6,94981.48,17471.79,12158.0,5313.79,8636.98,3,5
1916,SO-001916,20270108,67,9,3,9,18,54133.02,11884.37,7431.12,4453.25,4915.29,5,4
1917,SO-001917,20240331,19,4,1,6,14,8815.0,2710.81,1677.2,1033.61,230.2,5,5
1918,SO-001918,20270703,49,8,2,9,15,49305.58,19789.8,12426.86,7362.94,3895.28,4,4
1919,SO-001919,20241203,21,9,3,1,9,7607.81,2786.56,1976.63,809.93,561.26,13,8
1920,SO-001920,20240303,21,9,3,1,3,99278.81,24949.21,15134.72,9814.49,114.46,1,3
1921,SO-001921,20260911,24,3,1,9,4,32588.41,12294.55,9363.46,2931.09,1909.16,5,4
1922,SO-001922,20251224,31,13,4,5,11,44178.42,18479.32,13480.84,4998.48,252.91,3,3
1923,SO-001923,20241122,61,9,3,9,3,38214.98,7052.47,5521.04,1531.43,2467.19,9,7
1924,SO-001924,20261205,52,13,4,6,3,54804.64,10653.09,7815.41,2837.68,2959.52,12,7
1925,SO-001925,20260216,91,8,2,10,16,15482.44,6151.28,4046.28,2105.0,962.47,6,3
1926,SO-001926,20250518,8,7,2,4,13,4518.12,1266.91,766.8,500.11,270.73,5,3
1927,SO-001927,20260212,99,5,1,10,19,34862.54,8800.93,5916.81,2884.12,1798.53,9,5
1928,SO-001928,20270916,65,14,4,3,2,12732.76,3487.4,2648.82,838.58,651.51,11,8
1929,SO-001929,20270704,5,3,1,10,16,36937.96,14644.92,11086.61,3558.31,1386.38,1,3
1930,SO-001930,20240204,49,8,2,9,20,5777.15,1226.92,836.8,390.12,494.54,13,10
1931,SO-001931,20240504,5,3,1,10,9,77972.07,33990.49,26214.53,7775.96,4099.94,4,5
1932,SO-001932,20250619,1,4,1,1,9,80298.38,34403.16,26595.37,7807.79,2030.06,2,4
1933,SO-001933,20260213,7,1,1,2,7,96234.13,33021.13,23428.34,9592.79,4558.05,7,6
1934,SO-001934,20271127,2,9,3,4,13,53067.97,8981.74,5870.1,3111.64,821.82,4,4
1935,SO-001935,20250901,6,14,4,1,6,62097.93,14813.17,9394.13,5419.04,3548.4,11,7
1936,SO-001936,20240801,65,14,4,3,10,2560.58,1059.65,796.11,263.54,33.42,10,9
1937,SO-001937,20270717,18,3,1,7,13,96096.98,21675.15,15007.72,6667.43,391.87,11,9
1938,SO-001938,20260405,51,14,4,10,8,16088.87,6980.04,4709.66,2270.38,467.56,3,3
1939,SO-001939,20271001,11,14,4,4,3,72251.85,18837.09,13349.73,5487.36,1350.79,4,6
1940,SO-001940,20240811,29,10,3,2,12,47248.29,11449.15,8683.25,2765.9,4077.93,4,3
1941,SO-001941,20241001,89,3,1,6,15,24523.62,8809.42,6199.62,2609.8,2036.48,10,7
1942,SO-001942,20250819,23,4,1,7,8,61204.48,21982.03,16150.98,5831.05,2080.52,5,7
1943,SO-001943,20270417,9,1,1,9,11,20861.67,4481.92,3558.4,923.52,1718.87,8,6
1944,SO-001944,20240712,32,15,5,6,20,88406.28,16501.4,12304.93,4196.47,7131.78,3,4
1945,SO-001945,20250508,13,9,3,1,19,45747.02,13263.66,10288.88,2974.78,566.25,4,3
1946,SO-001946,20240321,30,8,2,2,14,9596.16,3393.54,2370.44,1023.1,129.27,9,8
1947,SO-001947,20260308,42,2,1,6,4,85553.95,31399.0,24844.21,6554.79,7854.97,13,10
1948,SO-001948,20250113,95,2,1,6,7,46440.46,13941.66,9500.4,4441.26,2566.07,1,3
1949,SO-001949,20270130,41,2,1,4,5,82124.71,36888.69,22350.11,14538.58,876.65,8,9
1950,SO-001950,20270728,12,15,5,10,16,83840.88,25752.64,15519.16,10233.48,5771.58,13,8
1951,SO-001951,20270625,64,4,1,5,7,26756.77,6290.38,5005.89,1284.49,320.28,7,9
1952,SO-001952,20270521,25,10,3,10,3,39480.26,13143.88,8795.34,4348.54,3497.49,6,4
1953,SO-001953,20250407,62,1,1,2,8,80947.1,33289.7,24230.16,9059.54,4654.69,6,4
1954,SO-001954,20241215,79,16,5,2,6,40001.71,11728.66,9003.07,2725.59,2346.33,10,9
1955,SO-001955,20251117,51,14,4,10,11,94189.21,31268.04,21924.23,9343.81,692.31,12,10
1956,SO-001956,20261130,22,15,5,9,18,42117.76,7482.95,5887.25,1595.7,2928.94,7,7
1957,SO-001957,20261005,40,8,2,6,13,41021.17,15347.81,11755.14,3592.67,2586.29,9,8
1958,SO-001958,20240920,77,8,2,10,14,43152.62,18982.25,14212.99,4769.26,2241.08,3,4
1959,SO-001959,20260109,38,15,5,7,13,78140.52,12142.31,7387.77,4754.54,1507.63,4,3
1960,SO-001960,20271103,49,8,2,9,15,40084.12,13317.08,10169.38,3147.7,3057.36,9,9
1961,SO-001961,20251128,97,8,2,5,12,7731.6,3340.77,2146.68,1194.09,736.66,8,6
1962,SO-001962,20270706,76,8,2,1,16,5679.18,1584.14,1124.83,459.31,247.75,9,4
1963,SO-001963,20240323,70,7,2,3,4,42735.12,13607.34,10620.31,2987.03,2654.61,9,7
1964,SO-001964,20251202,80,5,1,3,10,24588.96,10300.52,6190.53,4109.99,1297.83,11,10
1965,SO-001965,20240404,98,16,5,4,7,24123.85,9863.04,7718.27,2144.77,1777.1,9,5
1966,SO-001966,20271116,62,1,1,2,1,23757.87,6231.47,4641.02,1590.45,126.87,13,8
1967,SO-001967,20250808,33,6,2,6,19,60765.36,9980.55,6723.38,3257.17,3429.97,6,4
1968,SO-001968,20270509,72,1,1,10,19,18586.91,2875.99,2298.13,577.86,1843.62,9,5
1969,SO-001969,20270205,61,9,3,9,20,62565.67,21133.98,15920.77,5213.21,3583.23,11,9
1970,SO-001970,20261205,99,5,1,10,10,76069.72,28435.3,20905.11,7530.19,5789.55,9,10
1971,SO-001971,20251107,30,8,2,2,19,14945.51,5754.91,4119.69,1635.22,951.7,6,6
1972,SO-001972,20250124,93,3,1,1,4,10742.93,1680.0,1176.15,503.85,332.59,6,6
1973,SO-001973,20260407,30,8,2,2,19,18902.98,7260.64,5546.21,1714.43,556.56,9,5
1974,SO-001974,20260326,29,10,3,2,4,56204.95,24238.87,16520.34,7718.53,3932.53,10,10
1975,SO-001975,20250925,11,14,4,4,18,45989.56,12661.44,9854.67,2806.77,2952.24,6,5
1976,SO-001976,20261201,21,9,3,1,5,94331.64,34649.93,24393.51,10256.42,2079.04,9,8
1977,SO-001977,20251206,82,6,2,5,14,65897.29,20978.14,12660.3,8317.84,5395.49,5,7
1978,SO-001978,20240302,85,13,4,6,18,88784.63,16455.48,10342.13,6113.35,6171.8,12,9
1979,SO-001979,20270915,65,14,4,3,9,80556.23,31032.1,21140.5,9891.6,6147.29,9,5
1980,SO-001980,20240131,1,4,1,1,18,9802.99,3089.75,2207.88,881.87,337.93,5,4
1981,SO-001981,20261218,44,3,1,4,11,48451.94,13459.28,9884.53,3574.75,3322.21,6,5
1982,SO-001982,20260327,90,1,1,10,18,57364.95,25478.2,19110.8,6367.4,1445.2,8,6
1983,SO-001983,20240301,38,15,5,7,6,15320.73,4998.9,3772.31,1226.59,1301.9,5,7
1984,SO-001984,20260308,43,13,4,5,3,48102.52,10444.04,6280.03,4164.01,4099.33,13,9
1985,SO-001985,20240615,91,8,2,10,7,99845.13,18474.86,14704.7,3770.16,3865.88,5,6
1986,SO-001986,20260207,52,13,4,6,17,81524.22,20417.93,16209.76,4208.17,6965.84,2,3
1987,SO-001987,20240421,51,14,4,10,15,6070.63,2091.24,1288.25,802.99,382.37,7,4
1988,SO-001988,20270708,42,2,1,6,5,41075.21,8344.71,6057.49,2287.22,804.66,14,10
1989,SO-001989,20260625,27,7,2,2,20,5504.77,1434.04,1043.26,390.78,148.7,15,10
1990,SO-001990,20260423,19,4,1,6,5,28509.34,5664.63,4208.04,1456.59,1280.14,9,5
1991,SO-001991,20260226,3,8,2,3,2,59833.04,15159.61,10779.89,4379.72,550.88,15,10
1992,SO-001992,20260324,23,4,1,7,17,98207.25,31389.63,24687.85,6701.78,655.97,5,7
1993,SO-001993,20240701,58,3,1,7,5,67625.93,15475.5,12288.47,3187.03,1341.96,11,10
1994,SO-001994,20240810,46,16,5,7,15,95442.23,23312.72,17320.97,5991.75,1634.43,12,8
1995,SO-001995,20240609,50,9,3,10,20,54696.2,9503.2,5722.15,3781.05,4646.69,4,5
1996,SO-001996,20260815,6,14,4,1,16,16756.59,4422.88,2847.34,1575.54,706.96,8,8
1997,SO-001997,20270929,57,14,4,10,18,54838.22,24289.49,16400.17,7889.32,1044.05,9,10
1998,SO-001998,20241015,61,9,3,9,13,30024.45,6887.0,4199.95,2687.05,2886.06,6,8
1999,SO-001999,20250429,13,9,3,1,15,29754.64,4847.04,3700.68,1146.36,1282.9,5,7
2000,SO-002000,20260806,55,2,1,2,16,20886.59,4700.27,2915.69,1784.58,982.5,4,4
